,Timestamp,Dog,DC,Position,Predicted,Error
0,2019-12-12 14:13:30.250,Tosh,1,standing,standing,0
1,2019-12-12 14:13:30.250,Tosh,1,standing,standing,0
2,2019-12-12 14:13:30.250,Tosh,1,standing,standing,0
3,2019-12-12 14:13:30.250,Tosh,1,standing,standing,0
4,2019-12-12 14:13:30.250,Tosh,1,standing,standing,0
5,2019-12-12 14:13:30.250,Tosh,1,standing,standing,0
6,2019-12-12 14:13:30.250,Tosh,1,standing,standing,0
7,2019-12-12 14:13:30.250,Tosh,1,standing,standing,0
8,2019-12-12 14:13:30.250,Tosh,1,standing,standing,0
9,2019-12-12 14:13:30.250,Tosh,1,standing,standing,0
10,2019-12-12 14:13:30.250,Tosh,1,standing,standing,0
11,2019-12-12 14:13:30.250,Tosh,1,standing,standing,0
12,2019-12-12 14:13:30.250,Tosh,1,standing,standing,0
13,2019-12-12 14:13:30.250,Tosh,1,standing,standing,0
14,2019-12-12 14:13:30.250,Tosh,1,standing,standing,0
15,2019-12-12 14:13:30.250,Tosh,1,standing,standing,0
16,2019-12-12 14:13:30.250,Tosh,1,standing,standing,0
17,2019-12-12 14:13:30.250,Tosh,1,standing,standing,0
18,2019-12-12 14:13:30.250,Tosh,1,standing,standing,0
19,2019-12-12 14:13:30.250,Tosh,1,standing,walking,1
20,2019-12-12 14:13:53.250,Tosh,1,walking,walking,0
21,2019-12-12 14:13:53.250,Tosh,1,walking,walking,0
22,2019-12-12 14:13:53.250,Tosh,1,walking,standing,1
23,2019-12-12 14:13:53.250,Tosh,1,walking,standing,1
24,2019-12-12 14:13:53.250,Tosh,1,walking,standing,1
25,2019-12-12 14:13:53.250,Tosh,1,walking,standing,1
26,2019-12-12 14:13:53.250,Tosh,1,walking,standing,1
27,2019-12-12 14:13:53.250,Tosh,1,walking,standing,1
28,2019-12-12 14:13:53.250,Tosh,1,walking,standing,1
29,2019-12-12 14:13:53.250,Tosh,1,walking,standing,1
30,2019-12-12 14:13:53.250,Tosh,1,walking,standing,1
31,2019-12-12 14:13:53.250,Tosh,1,walking,standing,1
32,2019-12-12 14:13:53.250,Tosh,1,walking,standing,1
33,2019-12-12 14:13:53.250,Tosh,1,walking,standing,1
34,2019-12-12 14:13:53.250,Tosh,1,walking,standing,1
35,2019-12-12 14:13:53.250,Tosh,1,walking,standing,1
36,2019-12-12 14:13:53.250,Tosh,1,walking,standing,1
37,2019-12-12 14:13:53.250,Tosh,1,walking,walking,0
38,2019-12-12 14:13:53.250,Tosh,1,walking,walking,0
39,2019-12-12 14:13:53.250,Tosh,1,walking,standing,1
40,2019-12-12 14:13:53.250,Tosh,1,walking,walking,0
41,2019-12-12 14:13:53.250,Tosh,1,walking,walking,0
42,2019-12-12 14:13:53.250,Tosh,1,walking,walking,0
43,2019-12-12 14:13:53.250,Tosh,1,walking,sitting,1
44,2019-12-12 14:13:53.250,Tosh,1,walking,standing,1
45,2019-12-12 14:13:53.250,Tosh,1,walking,walking,0
46,2019-12-12 14:13:53.250,Tosh,1,walking,walking,0
47,2019-12-12 14:13:53.250,Tosh,1,walking,standing,1
48,2019-12-12 14:13:53.250,Tosh,1,walking,standing,1
49,2019-12-12 14:13:53.250,Tosh,1,walking,standing,1
50,2019-12-12 14:13:53.250,Tosh,1,walking,standing,1
51,2019-12-12 14:13:53.250,Tosh,1,walking,standing,1
52,2019-12-12 14:13:53.250,Tosh,1,walking,standing,1
53,2019-12-12 14:13:53.250,Tosh,1,walking,standing,1
54,2019-12-12 14:13:53.250,Tosh,1,walking,standing,1
55,2019-12-12 14:13:53.250,Tosh,1,walking,walking,0
56,2019-12-12 14:13:53.250,Tosh,1,walking,walking,0
57,2019-12-12 14:13:53.250,Tosh,1,walking,walking,0
58,2019-12-12 14:13:53.250,Tosh,1,walking,walking,0
59,2019-12-12 14:13:53.250,Tosh,1,walking,walking,0
60,2019-12-12 14:13:53.250,Tosh,1,walking,walking,0
61,2019-12-12 14:13:53.250,Tosh,1,walking,walking,0
62,2019-12-12 14:13:53.250,Tosh,1,walking,walking,0
63,2019-12-12 14:13:53.250,Tosh,1,walking,walking,0
64,2019-12-12 14:13:53.250,Tosh,1,walking,walking,0
65,2019-12-12 14:13:53.250,Tosh,1,walking,walking,0
66,2019-12-12 14:13:53.250,Tosh,1,walking,walking,0
67,2019-12-12 14:13:53.250,Tosh,1,walking,walking,0
68,2019-12-12 14:13:53.250,Tosh,1,walking,walking,0
69,2019-12-12 14:13:53.250,Tosh,1,walking,walking,0
70,2019-12-12 14:13:53.250,Tosh,1,walking,walking,0
71,2019-12-12 14:13:53.250,Tosh,1,walking,walking,0
72,2019-12-12 14:13:53.250,Tosh,1,walking,walking,0
73,2019-12-12 14:13:53.250,Tosh,1,walking,walking,0
74,2019-12-12 14:13:53.250,Tosh,1,walking,walking,0
75,2019-12-12 14:13:53.250,Tosh,1,walking,walking,0
76,2019-12-12 14:13:53.250,Tosh,1,walking,walking,0
77,2019-12-12 14:13:53.250,Tosh,1,walking,walking,0
78,2019-12-12 14:13:53.250,Tosh,1,walking,walking,0
79,2019-12-12 14:13:53.250,Tosh,1,walking,walking,0
80,2019-12-12 14:13:53.250,Tosh,1,walking,body shake,1
81,2019-12-12 14:13:53.250,Tosh,1,walking,body shake,1
82,2019-12-12 14:13:53.250,Tosh,1,walking,body shake,1
83,2019-12-12 14:13:53.250,Tosh,1,walking,body shake,1
84,2019-12-12 14:13:53.250,Tosh,1,walking,body shake,1
85,2019-12-12 14:13:53.250,Tosh,1,walking,walking,0
86,2019-12-12 14:13:53.250,Tosh,1,walking,walking,0
87,2019-12-12 14:13:53.250,Tosh,1,walking,walking,0
88,2019-12-12 14:13:53.250,Tosh,1,walking,walking,0
89,2019-12-12 14:13:53.250,Tosh,1,walking,walking,0
90,2019-12-12 14:13:53.250,Tosh,1,walking,walking,0
91,2019-12-12 14:13:53.250,Tosh,1,walking,walking,0
92,2019-12-12 14:13:53.250,Tosh,1,walking,walking,0
93,2019-12-12 14:13:53.250,Tosh,1,walking,walking,0
94,2019-12-12 14:13:53.250,Tosh,1,walking,walking,0
95,2019-12-12 14:13:53.250,Tosh,1,walking,walking,0
96,2019-12-12 14:13:53.250,Tosh,1,walking,walking,0
97,2019-12-12 14:13:53.250,Tosh,1,walking,walking,0
98,2019-12-12 14:13:53.250,Tosh,1,walking,walking,0
99,2019-12-12 14:13:53.250,Tosh,1,walking,walking,0
100,2019-12-12 14:13:53.250,Tosh,1,walking,walking,0
101,2019-12-12 14:13:53.250,Tosh,1,walking,walking,0
102,2019-12-12 14:13:53.250,Tosh,1,walking,walking,0
103,2019-12-12 14:13:53.250,Tosh,1,walking,walking,0
104,2019-12-12 14:13:53.250,Tosh,1,walking,walking,0
105,2019-12-12 14:13:53.250,Tosh,1,walking,walking,0
106,2019-12-12 14:13:53.250,Tosh,1,walking,sitting,1
107,2019-12-12 14:13:53.250,Tosh,1,walking,standing,1
108,2019-12-12 14:13:53.250,Tosh,1,walking,walking,0
109,2019-12-12 14:13:53.250,Tosh,1,walking,walking,0
110,2019-12-12 14:13:53.250,Tosh,1,walking,walking,0
111,2019-12-12 14:13:53.250,Tosh,1,walking,walking,0
112,2019-12-12 14:13:53.250,Tosh,1,walking,walking,0
113,2019-12-12 14:13:53.250,Tosh,1,walking,walking,0
114,2019-12-12 14:13:53.250,Tosh,1,walking,walking,0
115,2019-12-12 14:13:53.250,Tosh,1,walking,walking,0
116,2019-12-12 14:13:53.250,Tosh,1,walking,walking,0
117,2019-12-12 14:13:53.250,Tosh,1,walking,walking,0
118,2019-12-12 14:13:53.250,Tosh,1,walking,walking,0
119,2019-12-12 14:13:53.250,Tosh,1,walking,walking,0
120,2019-12-12 14:13:53.250,Tosh,1,walking,walking,0
121,2019-12-12 14:13:53.250,Tosh,1,walking,walking,0
122,2019-12-12 14:13:53.250,Tosh,1,walking,walking,0
123,2019-12-12 14:13:53.250,Tosh,1,walking,walking,0
124,2019-12-12 14:13:53.250,Tosh,1,walking,walking,0
125,2019-12-12 14:13:53.250,Tosh,1,walking,walking,0
126,2019-12-12 14:13:53.250,Tosh,1,walking,walking,0
127,2019-12-12 14:13:53.250,Tosh,1,walking,walking,0
128,2019-12-12 14:13:53.250,Tosh,1,walking,walking,0
129,2019-12-12 14:13:53.250,Tosh,1,walking,walking,0
130,2019-12-12 14:14:49.250,Tosh,1,standing,standing,0
131,2019-12-12 14:14:49.250,Tosh,1,standing,standing,0
132,2019-12-12 14:14:49.250,Tosh,1,standing,standing,0
133,2019-12-12 14:14:49.250,Tosh,1,standing,walking,1
134,2019-12-12 14:14:52.250,Tosh,1,walking,walking,0
135,2019-12-12 14:14:52.250,Tosh,1,walking,walking,0
136,2019-12-12 14:14:52.250,Tosh,1,walking,walking,0
137,2019-12-12 14:14:52.250,Tosh,1,walking,walking,0
138,2019-12-12 14:14:52.250,Tosh,1,walking,walking,0
139,2019-12-12 14:14:52.250,Tosh,1,walking,walking,0
140,2019-12-12 14:14:52.250,Tosh,1,walking,walking,0
141,2019-12-12 14:14:52.250,Tosh,1,walking,walking,0
142,2019-12-12 14:14:52.250,Tosh,1,walking,walking,0
143,2019-12-12 14:14:52.250,Tosh,1,walking,walking,0
144,2019-12-12 14:14:52.250,Tosh,1,walking,walking,0
145,2019-12-12 14:14:52.250,Tosh,1,walking,walking,0
146,2019-12-12 14:14:52.250,Tosh,1,walking,walking,0
147,2019-12-12 14:14:52.250,Tosh,1,walking,walking,0
148,2019-12-12 14:14:52.250,Tosh,1,walking,walking,0
149,2019-12-12 14:14:52.250,Tosh,1,walking,walking,0
150,2019-12-12 14:14:52.250,Tosh,1,walking,walking,0
151,2019-12-12 14:14:52.250,Tosh,1,walking,walking,0
152,2019-12-12 14:14:52.250,Tosh,1,walking,walking,0
153,2019-12-12 14:14:52.250,Tosh,1,walking,walking,0
154,2019-12-12 14:14:52.250,Tosh,1,walking,walking,0
155,2019-12-12 14:14:52.250,Tosh,1,walking,walking,0
156,2019-12-12 14:14:52.250,Tosh,1,walking,walking,0
157,2019-12-12 14:14:52.250,Tosh,1,walking,walking,0
158,2019-12-12 14:14:52.250,Tosh,1,walking,walking,0
159,2019-12-12 14:14:52.250,Tosh,1,walking,walking,0
160,2019-12-12 14:14:52.250,Tosh,1,walking,walking,0
161,2019-12-12 14:14:52.250,Tosh,1,walking,walking,0
162,2019-12-12 14:14:52.250,Tosh,1,walking,walking,0
163,2019-12-12 14:14:52.250,Tosh,1,walking,walking,0
164,2019-12-12 14:14:52.250,Tosh,1,walking,walking,0
165,2019-12-12 14:14:52.250,Tosh,1,walking,walking,0
166,2019-12-12 14:14:52.250,Tosh,1,walking,walking,0
167,2019-12-12 14:14:52.250,Tosh,1,walking,walking,0
168,2019-12-12 14:14:52.250,Tosh,1,walking,walking,0
169,2019-12-12 14:14:52.250,Tosh,1,walking,walking,0
170,2019-12-12 14:14:52.250,Tosh,1,walking,walking,0
171,2019-12-12 14:14:52.250,Tosh,1,walking,walking,0
172,2019-12-12 14:14:52.250,Tosh,1,walking,walking,0
173,2019-12-12 14:14:52.250,Tosh,1,walking,walking,0
174,2019-12-12 14:14:52.250,Tosh,1,walking,walking,0
175,2019-12-12 14:14:52.250,Tosh,1,walking,walking,0
176,2019-12-12 14:14:52.250,Tosh,1,walking,walking,0
177,2019-12-12 14:14:52.250,Tosh,1,walking,walking,0
178,2019-12-12 14:14:52.250,Tosh,1,walking,walking,0
179,2019-12-12 14:14:52.250,Tosh,1,walking,walking,0
180,2019-12-12 14:14:52.250,Tosh,1,walking,walking,0
181,2019-12-12 14:14:52.250,Tosh,1,walking,walking,0
182,2019-12-12 14:14:52.250,Tosh,1,walking,walking,0
183,2019-12-12 14:14:52.250,Tosh,1,walking,walking,0
184,2019-12-12 14:14:52.250,Tosh,1,walking,walking,0
185,2019-12-12 14:14:52.250,Tosh,1,walking,walking,0
186,2019-12-12 14:14:52.250,Tosh,1,walking,walking,0
187,2019-12-12 14:14:52.250,Tosh,1,walking,walking,0
188,2019-12-12 14:14:52.250,Tosh,1,walking,walking,0
189,2019-12-12 14:14:52.250,Tosh,1,walking,walking,0
190,2019-12-12 14:14:52.250,Tosh,1,walking,walking,0
191,2019-12-12 14:14:52.250,Tosh,1,walking,walking,0
192,2019-12-12 14:14:52.250,Tosh,1,walking,walking,0
193,2019-12-12 14:14:52.250,Tosh,1,walking,walking,0
194,2019-12-12 14:14:52.250,Tosh,1,walking,walking,0
195,2019-12-12 14:14:52.250,Tosh,1,walking,walking,0
196,2019-12-12 14:14:52.250,Tosh,1,walking,walking,0
197,2019-12-12 14:14:52.250,Tosh,1,walking,walking,0
198,2019-12-12 14:14:52.250,Tosh,1,walking,walking,0
199,2019-12-12 14:14:52.250,Tosh,1,walking,walking,0
200,2019-12-12 14:14:52.250,Tosh,1,walking,walking,0
201,2019-12-12 14:14:52.250,Tosh,1,walking,walking,0
202,2019-12-12 14:14:52.250,Tosh,1,walking,walking,0
203,2019-12-12 14:14:52.250,Tosh,1,walking,walking,0
204,2019-12-12 14:14:52.250,Tosh,1,walking,walking,0
205,2019-12-12 14:14:52.250,Tosh,1,walking,walking,0
206,2019-12-12 14:14:52.250,Tosh,1,walking,walking,0
207,2019-12-12 14:14:52.250,Tosh,1,walking,walking,0
208,2019-12-12 14:14:52.250,Tosh,1,walking,walking,0
209,2019-12-12 14:14:52.250,Tosh,1,walking,walking,0
210,2019-12-12 14:14:52.250,Tosh,1,walking,walking,0
211,2019-12-12 14:14:52.250,Tosh,1,walking,walking,0
212,2019-12-12 14:14:52.250,Tosh,1,walking,walking,0
213,2019-12-12 14:14:52.250,Tosh,1,walking,walking,0
214,2019-12-12 14:14:52.250,Tosh,1,walking,walking,0
215,2019-12-12 14:14:52.250,Tosh,1,walking,walking,0
216,2019-12-12 14:15:34.250,Tosh,1,standing,walking,1
217,2019-12-12 14:15:34.250,Tosh,1,standing,standing,0
218,2019-12-12 14:15:34.250,Tosh,1,standing,standing,0
219,2019-12-12 14:15:34.250,Tosh,1,standing,standing,0
220,2019-12-12 14:15:34.250,Tosh,1,standing,standing,0
221,2019-12-12 14:15:34.250,Tosh,1,standing,standing,0
222,2019-12-12 14:15:34.250,Tosh,1,standing,standing,0
223,2019-12-12 14:15:34.250,Tosh,1,standing,standing,0
224,2019-12-12 14:15:34.250,Tosh,1,standing,standing,0
225,2019-12-12 14:15:34.250,Tosh,1,standing,standing,0
226,2019-12-12 14:15:34.250,Tosh,1,standing,standing,0
227,2019-12-12 14:15:34.250,Tosh,1,standing,standing,0
228,2019-12-12 14:15:34.250,Tosh,1,standing,standing,0
229,2019-12-12 14:15:34.250,Tosh,1,standing,standing,0
230,2019-12-12 14:15:34.250,Tosh,1,standing,standing,0
231,2019-12-12 14:15:34.250,Tosh,1,standing,standing,0
232,2019-12-12 14:15:34.250,Tosh,1,standing,standing,0
233,2019-12-12 14:15:34.250,Tosh,1,standing,standing,0
234,2019-12-12 14:15:34.250,Tosh,1,standing,standing,0
235,2019-12-12 14:15:34.250,Tosh,1,standing,standing,0
236,2019-12-12 14:15:34.250,Tosh,1,standing,standing,0
237,2019-12-12 14:15:34.250,Tosh,1,standing,standing,0
238,2019-12-12 14:15:34.250,Tosh,1,standing,standing,0
239,2019-12-12 14:15:34.250,Tosh,1,standing,standing,0
240,2019-12-12 14:15:34.250,Tosh,1,standing,standing,0
241,2019-12-12 14:15:34.250,Tosh,1,standing,standing,0
242,2019-12-12 14:15:34.250,Tosh,1,standing,standing,0
243,2019-12-12 14:15:34.250,Tosh,1,standing,standing,0
244,2019-12-12 14:15:34.250,Tosh,1,standing,standing,0
245,2019-12-12 14:15:34.250,Tosh,1,standing,standing,0
246,2019-12-12 14:15:34.250,Tosh,1,standing,standing,0
247,2019-12-12 14:15:34.250,Tosh,1,standing,standing,0
248,2019-12-12 14:15:34.250,Tosh,1,standing,standing,0
249,2019-12-12 14:15:34.250,Tosh,1,standing,standing,0
250,2019-12-12 14:15:34.250,Tosh,1,standing,standing,0
251,2019-12-12 14:15:34.250,Tosh,1,standing,standing,0
252,2019-12-12 14:15:34.250,Tosh,1,standing,standing,0
253,2019-12-12 14:15:34.250,Tosh,1,standing,standing,0
254,2019-12-12 14:15:34.250,Tosh,1,standing,standing,0
255,2019-12-12 14:15:34.250,Tosh,1,standing,standing,0
256,2019-12-12 14:15:34.250,Tosh,1,standing,standing,0
257,2019-12-12 14:15:34.250,Tosh,1,standing,standing,0
258,2019-12-12 14:15:34.250,Tosh,1,standing,standing,0
259,2019-12-12 14:15:34.250,Tosh,1,standing,standing,0
260,2019-12-12 14:15:34.250,Tosh,1,standing,standing,0
261,2019-12-12 14:15:34.250,Tosh,1,standing,standing,0
262,2019-12-12 14:15:34.250,Tosh,1,standing,standing,0
263,2019-12-12 14:15:34.250,Tosh,1,standing,standing,0
264,2019-12-12 14:15:34.250,Tosh,1,standing,standing,0
265,2019-12-12 14:15:34.250,Tosh,1,standing,standing,0
266,2019-12-12 14:15:34.250,Tosh,1,standing,standing,0
267,2019-12-12 14:15:34.250,Tosh,1,standing,standing,0
268,2019-12-12 14:15:34.250,Tosh,1,standing,standing,0
269,2019-12-12 14:15:34.250,Tosh,1,standing,standing,0
270,2019-12-12 14:15:34.250,Tosh,1,standing,standing,0
271,2019-12-12 14:15:34.250,Tosh,1,standing,standing,0
272,2019-12-12 14:15:34.250,Tosh,1,standing,standing,0
273,2019-12-12 14:15:34.250,Tosh,1,standing,standing,0
274,2019-12-12 14:15:34.250,Tosh,1,standing,standing,0
275,2019-12-12 14:15:34.250,Tosh,1,standing,standing,0
276,2019-12-12 14:15:34.250,Tosh,1,standing,standing,0
277,2019-12-12 14:15:34.250,Tosh,1,standing,standing,0
278,2019-12-12 14:15:34.250,Tosh,1,standing,standing,0
279,2019-12-12 14:15:34.250,Tosh,1,standing,standing,0
280,2019-12-12 14:15:34.250,Tosh,1,standing,standing,0
281,2019-12-12 14:15:34.250,Tosh,1,standing,standing,0
282,2019-12-12 14:15:34.250,Tosh,1,standing,standing,0
283,2019-12-12 14:15:34.250,Tosh,1,standing,standing,0
284,2019-12-12 14:15:34.250,Tosh,1,standing,standing,0
285,2019-12-12 14:15:34.250,Tosh,1,standing,standing,0
286,2019-12-12 14:15:34.250,Tosh,1,standing,standing,0
287,2019-12-12 14:15:34.250,Tosh,1,standing,standing,0
288,2019-12-12 14:15:34.250,Tosh,1,standing,standing,0
289,2019-12-12 14:15:34.250,Tosh,1,standing,standing,0
290,2019-12-12 14:15:34.250,Tosh,1,standing,standing,0
291,2019-12-12 14:15:34.250,Tosh,1,standing,standing,0
292,2019-12-12 14:15:34.250,Tosh,1,standing,standing,0
293,2019-12-12 14:15:34.250,Tosh,1,standing,standing,0
294,2019-12-12 14:15:34.250,Tosh,1,standing,standing,0
295,2019-12-12 14:15:34.250,Tosh,1,standing,standing,0
296,2019-12-12 14:15:34.250,Tosh,1,standing,standing,0
297,2019-12-12 14:15:34.250,Tosh,1,standing,standing,0
298,2019-12-12 14:15:34.250,Tosh,1,standing,standing,0
299,2019-12-12 14:15:34.250,Tosh,1,standing,standing,0
300,2019-12-12 14:15:34.250,Tosh,1,standing,standing,0
301,2019-12-12 14:15:34.250,Tosh,1,standing,standing,0
302,2019-12-12 14:15:34.250,Tosh,1,standing,standing,0
303,2019-12-12 14:15:34.250,Tosh,1,standing,standing,0
304,2019-12-12 14:15:34.250,Tosh,1,standing,standing,0
305,2019-12-12 14:15:34.250,Tosh,1,standing,standing,0
306,2019-12-12 14:15:34.250,Tosh,1,standing,standing,0
307,2019-12-12 14:15:34.250,Tosh,1,standing,standing,0
308,2019-12-12 14:15:34.250,Tosh,1,standing,standing,0
309,2019-12-12 14:15:34.250,Tosh,1,standing,standing,0
310,2019-12-12 14:15:34.250,Tosh,1,standing,standing,0
311,2019-12-12 14:15:34.250,Tosh,1,standing,standing,0
312,2019-12-12 14:15:34.250,Tosh,1,standing,standing,0
313,2019-12-12 14:15:34.250,Tosh,1,standing,standing,0
314,2019-12-12 14:15:34.250,Tosh,1,standing,lying down,1
315,2019-12-12 14:15:34.250,Tosh,1,standing,standing,0
316,2019-12-12 14:15:34.250,Tosh,1,standing,standing,0
317,2019-12-12 14:15:34.250,Tosh,1,standing,standing,0
318,2019-12-12 14:15:34.250,Tosh,1,standing,standing,0
319,2019-12-12 14:15:34.250,Tosh,1,standing,standing,0
320,2019-12-12 14:15:34.250,Tosh,1,standing,walking,1
321,2019-12-12 14:15:34.250,Tosh,1,standing,standing,0
322,2019-12-12 14:15:34.250,Tosh,1,standing,standing,0
323,2019-12-12 14:15:34.250,Tosh,1,standing,standing,0
324,2019-12-12 14:15:34.250,Tosh,1,standing,standing,0
325,2019-12-12 14:15:34.250,Tosh,1,standing,standing,0
326,2019-12-12 14:16:30.250,Tosh,1,sitting,sitting,0
327,2019-12-12 14:16:30.250,Tosh,1,sitting,sitting,0
328,2019-12-12 14:16:30.250,Tosh,1,sitting,sitting,0
329,2019-12-12 14:16:30.250,Tosh,1,sitting,sitting,0
330,2019-12-12 14:16:30.250,Tosh,1,sitting,sitting,0
331,2019-12-12 14:16:30.250,Tosh,1,sitting,sitting,0
332,2019-12-12 14:16:30.250,Tosh,1,sitting,sitting,0
333,2019-12-12 14:16:30.250,Tosh,1,sitting,sitting,0
334,2019-12-12 14:16:30.250,Tosh,1,sitting,sitting,0
335,2019-12-12 14:16:30.250,Tosh,1,sitting,sitting,0
336,2019-12-12 14:16:30.250,Tosh,1,sitting,sitting,0
337,2019-12-12 14:16:30.250,Tosh,1,sitting,sitting,0
338,2019-12-12 14:16:30.250,Tosh,1,sitting,sitting,0
339,2019-12-12 14:16:30.250,Tosh,1,sitting,sitting,0
340,2019-12-12 14:16:30.250,Tosh,1,sitting,sitting,0
341,2019-12-12 14:16:30.250,Tosh,1,sitting,sitting,0
342,2019-12-12 14:16:30.250,Tosh,1,sitting,sitting,0
343,2019-12-12 14:16:30.250,Tosh,1,sitting,sitting,0
344,2019-12-12 14:16:30.250,Tosh,1,sitting,sitting,0
345,2019-12-12 14:16:30.250,Tosh,1,sitting,sitting,0
346,2019-12-12 14:16:49.250,Tosh,1,sitting,sitting,0
347,2019-12-12 14:16:49.250,Tosh,1,sitting,sitting,0
348,2019-12-12 14:16:49.250,Tosh,1,sitting,sitting,0
349,2019-12-12 14:16:49.250,Tosh,1,sitting,sitting,0
350,2019-12-12 14:16:49.250,Tosh,1,sitting,sitting,0
351,2019-12-12 14:16:49.250,Tosh,1,sitting,sitting,0
352,2019-12-12 14:16:49.250,Tosh,1,sitting,sitting,0
353,2019-12-12 14:16:49.250,Tosh,1,sitting,sitting,0
354,2019-12-12 14:16:49.250,Tosh,1,sitting,sitting,0
355,2019-12-12 14:16:49.250,Tosh,1,sitting,sitting,0
356,2019-12-12 14:16:49.250,Tosh,1,sitting,sitting,0
357,2019-12-12 14:16:49.250,Tosh,1,sitting,sitting,0
358,2019-12-12 14:16:49.250,Tosh,1,sitting,sitting,0
359,2019-12-12 14:16:49.250,Tosh,1,sitting,sitting,0
360,2019-12-12 14:16:49.250,Tosh,1,sitting,sitting,0
361,2019-12-12 14:16:49.250,Tosh,1,sitting,sitting,0
362,2019-12-12 14:16:49.250,Tosh,1,sitting,sitting,0
363,2019-12-12 14:16:49.250,Tosh,1,sitting,sitting,0
364,2019-12-12 14:16:49.250,Tosh,1,sitting,sitting,0
365,2019-12-12 14:16:49.250,Tosh,1,sitting,sitting,0
366,2019-12-12 14:16:49.250,Tosh,1,sitting,sitting,0
367,2019-12-12 14:16:49.250,Tosh,1,sitting,sitting,0
368,2019-12-12 14:16:49.250,Tosh,1,sitting,sitting,0
369,2019-12-12 14:16:49.250,Tosh,1,sitting,sitting,0
370,2019-12-12 14:16:49.250,Tosh,1,sitting,sitting,0
371,2019-12-12 14:16:49.250,Tosh,1,sitting,sitting,0
372,2019-12-12 14:16:49.250,Tosh,1,sitting,sitting,0
373,2019-12-12 14:16:49.250,Tosh,1,sitting,sitting,0
374,2019-12-12 14:16:49.250,Tosh,1,sitting,sitting,0
375,2019-12-12 14:16:49.250,Tosh,1,sitting,sitting,0
376,2019-12-12 14:16:49.250,Tosh,1,sitting,sitting,0
377,2019-12-12 14:16:49.250,Tosh,1,sitting,sitting,0
378,2019-12-12 14:16:49.250,Tosh,1,sitting,sitting,0
379,2019-12-12 14:16:49.250,Tosh,1,sitting,sitting,0
380,2019-12-12 14:16:49.250,Tosh,1,sitting,sitting,0
381,2019-12-12 14:16:49.250,Tosh,1,sitting,sitting,0
382,2019-12-12 14:16:49.250,Tosh,1,sitting,sitting,0
383,2019-12-12 14:16:49.250,Tosh,1,sitting,sitting,0
384,2019-12-12 14:16:49.250,Tosh,1,sitting,sitting,0
385,2019-12-12 14:16:49.250,Tosh,1,sitting,sitting,0
386,2019-12-12 14:16:49.250,Tosh,1,sitting,sitting,0
387,2019-12-12 14:16:49.250,Tosh,1,sitting,sitting,0
388,2019-12-12 14:16:49.250,Tosh,1,sitting,sitting,0
389,2019-12-12 14:16:49.250,Tosh,1,sitting,sitting,0
390,2019-12-12 14:16:49.250,Tosh,1,sitting,sitting,0
391,2019-12-12 14:16:49.250,Tosh,1,sitting,sitting,0
392,2019-12-12 14:16:49.250,Tosh,1,sitting,sitting,0
393,2019-12-12 14:16:49.250,Tosh,1,sitting,sitting,0
394,2019-12-12 14:16:49.250,Tosh,1,sitting,sitting,0
395,2019-12-12 14:16:49.250,Tosh,1,sitting,sitting,0
396,2019-12-12 14:16:49.250,Tosh,1,sitting,sitting,0
397,2019-12-12 14:16:49.250,Tosh,1,sitting,sitting,0
398,2019-12-12 14:16:49.250,Tosh,1,sitting,sitting,0
399,2019-12-12 14:16:49.250,Tosh,1,sitting,sitting,0
400,2019-12-12 14:16:49.250,Tosh,1,sitting,sitting,0
401,2019-12-12 14:16:49.250,Tosh,1,sitting,sitting,0
402,2019-12-12 14:16:49.250,Tosh,1,sitting,sitting,0
403,2019-12-12 14:16:49.250,Tosh,1,sitting,sitting,0
404,2019-12-12 14:16:49.250,Tosh,1,sitting,sitting,0
405,2019-12-12 14:16:49.250,Tosh,1,sitting,sitting,0
406,2019-12-12 14:17:20.250,Tosh,1,standing,standing,0
407,2019-12-12 14:17:20.250,Tosh,1,standing,standing,0
408,2019-12-12 14:17:20.250,Tosh,1,standing,standing,0
409,2019-12-12 14:17:20.250,Tosh,1,standing,standing,0
410,2019-12-12 14:17:20.250,Tosh,1,standing,standing,0
411,2019-12-12 14:17:20.250,Tosh,1,standing,standing,0
412,2019-12-12 14:17:20.250,Tosh,1,standing,standing,0
413,2019-12-12 14:17:20.250,Tosh,1,standing,standing,0
414,2019-12-12 14:17:20.250,Tosh,1,standing,standing,0
415,2019-12-12 14:17:20.250,Tosh,1,standing,standing,0
416,2019-12-12 14:17:28.250,Tosh,1,standing,standing,0
417,2019-12-12 14:17:28.250,Tosh,1,standing,standing,0
418,2019-12-12 14:17:28.250,Tosh,1,standing,standing,0
419,2019-12-12 14:17:28.250,Tosh,1,standing,standing,0
420,2019-12-12 14:17:31.250,Tosh,1,walking,walking,0
421,2019-12-12 14:17:31.250,Tosh,1,walking,walking,0
422,2019-12-12 14:17:31.250,Tosh,1,walking,walking,0
423,2019-12-12 14:17:31.250,Tosh,1,walking,walking,0
424,2019-12-12 14:17:31.250,Tosh,1,walking,walking,0
425,2019-12-12 14:17:31.250,Tosh,1,walking,walking,0
426,2019-12-12 14:17:35.250,Tosh,1,standing,standing,0
427,2019-12-12 14:17:35.250,Tosh,1,standing,standing,0
428,2019-12-12 14:17:35.250,Tosh,1,standing,standing,0
429,2019-12-12 14:17:35.250,Tosh,1,standing,standing,0
430,2019-12-12 14:17:35.250,Tosh,1,standing,standing,0
431,2019-12-12 14:17:35.250,Tosh,1,standing,standing,0
432,2019-12-12 14:17:35.250,Tosh,1,standing,standing,0
433,2019-12-12 14:17:35.250,Tosh,1,standing,standing,0
434,2019-12-12 14:17:35.250,Tosh,1,standing,standing,0
435,2019-12-12 14:17:35.250,Tosh,1,standing,standing,0
436,2019-12-12 14:17:35.250,Tosh,1,standing,standing,0
437,2019-12-12 14:17:35.250,Tosh,1,standing,standing,0
438,2019-12-12 14:17:35.250,Tosh,1,standing,standing,0
439,2019-12-12 14:17:35.250,Tosh,1,standing,standing,0
440,2019-12-12 14:17:35.250,Tosh,1,standing,standing,0
441,2019-12-12 14:17:35.250,Tosh,1,standing,standing,0
442,2019-12-12 14:17:35.250,Tosh,1,standing,standing,0
443,2019-12-12 14:17:35.250,Tosh,1,standing,standing,0
444,2019-12-12 14:17:35.250,Tosh,1,standing,standing,0
445,2019-12-12 14:17:35.250,Tosh,1,standing,standing,0
446,2019-12-12 14:17:35.250,Tosh,1,standing,standing,0
447,2019-12-12 14:17:35.250,Tosh,1,standing,standing,0
448,2019-12-12 14:17:35.250,Tosh,1,standing,standing,0
449,2019-12-12 14:17:35.250,Tosh,1,standing,standing,0
450,2019-12-12 14:17:35.250,Tosh,1,standing,standing,0
451,2019-12-12 14:17:35.250,Tosh,1,standing,standing,0
452,2019-12-12 14:17:35.250,Tosh,1,standing,standing,0
453,2019-12-12 14:17:35.250,Tosh,1,standing,standing,0
454,2019-12-12 14:17:50.250,Tosh,1,sitting,standing,1
455,2019-12-12 14:17:50.250,Tosh,1,sitting,sitting,0
456,2019-12-12 14:17:50.250,Tosh,1,sitting,sitting,0
457,2019-12-12 14:17:50.250,Tosh,1,sitting,sitting,0
458,2019-12-12 14:17:50.250,Tosh,1,sitting,sitting,0
459,2019-12-12 14:17:50.250,Tosh,1,sitting,sitting,0
460,2019-12-12 14:17:50.250,Tosh,1,sitting,sitting,0
461,2019-12-12 14:17:50.250,Tosh,1,sitting,sitting,0
462,2019-12-12 14:17:50.250,Tosh,1,sitting,sitting,0
463,2019-12-12 14:17:50.250,Tosh,1,sitting,sitting,0
464,2019-12-12 14:17:50.250,Tosh,1,sitting,sitting,0
465,2019-12-12 14:17:50.250,Tosh,1,sitting,sitting,0
466,2019-12-12 14:17:50.250,Tosh,1,sitting,sitting,0
467,2019-12-12 14:17:50.250,Tosh,1,sitting,sitting,0
468,2019-12-12 14:17:50.250,Tosh,1,sitting,sitting,0
469,2019-12-12 14:17:50.250,Tosh,1,sitting,sitting,0
470,2019-12-12 14:17:50.250,Tosh,1,sitting,sitting,0
471,2019-12-12 14:17:50.250,Tosh,1,sitting,sitting,0
472,2019-12-12 14:17:50.250,Tosh,1,sitting,sitting,0
473,2019-12-12 14:17:50.250,Tosh,1,sitting,standing,1
474,2019-12-12 14:17:50.250,Tosh,1,sitting,standing,1
475,2019-12-12 14:17:50.250,Tosh,1,sitting,standing,1
476,2019-12-12 14:18:02.250,Tosh,1,lying down,standing,1
477,2019-12-12 14:18:02.250,Tosh,1,lying down,standing,1
478,2019-12-12 14:18:02.250,Tosh,1,lying down,lying down,0
479,2019-12-12 14:18:02.250,Tosh,1,lying down,lying down,0
480,2019-12-12 14:18:02.250,Tosh,1,lying down,lying down,0
481,2019-12-12 14:18:02.250,Tosh,1,lying down,lying down,0
482,2019-12-12 14:18:02.250,Tosh,1,lying down,lying down,0
483,2019-12-12 14:18:02.250,Tosh,1,lying down,lying down,0
484,2019-12-12 14:18:02.250,Tosh,1,lying down,lying down,0
485,2019-12-12 14:18:02.250,Tosh,1,lying down,lying down,0
486,2019-12-12 14:18:02.250,Tosh,1,lying down,lying down,0
487,2019-12-12 14:18:02.250,Tosh,1,lying down,lying down,0
488,2019-12-12 14:18:02.250,Tosh,1,lying down,lying down,0
489,2019-12-12 14:18:02.250,Tosh,1,lying down,lying down,0
490,2019-12-12 14:18:02.250,Tosh,1,lying down,lying down,0
491,2019-12-12 14:18:02.250,Tosh,1,lying down,lying down,0
492,2019-12-12 14:18:02.250,Tosh,1,lying down,lying down,0
493,2019-12-12 14:18:02.250,Tosh,1,lying down,lying down,0
494,2019-12-12 14:18:02.250,Tosh,1,lying down,lying down,0
495,2019-12-12 14:18:02.250,Tosh,1,lying down,lying down,0
496,2019-12-12 14:18:02.250,Tosh,1,lying down,lying down,0
497,2019-12-12 14:18:02.250,Tosh,1,lying down,lying down,0
498,2019-12-12 14:18:02.250,Tosh,1,lying down,lying down,0
499,2019-12-12 14:18:02.250,Tosh,1,lying down,lying down,0
500,2019-12-12 14:18:02.250,Tosh,1,lying down,lying down,0
501,2019-12-12 14:18:02.250,Tosh,1,lying down,lying down,0
502,2019-12-12 14:18:02.250,Tosh,1,lying down,lying down,0
503,2019-12-12 14:18:02.250,Tosh,1,lying down,lying down,0
504,2019-12-12 14:18:02.250,Tosh,1,lying down,lying down,0
505,2019-12-12 14:18:02.250,Tosh,1,lying down,lying down,0
506,2019-12-12 14:18:02.250,Tosh,1,lying down,lying down,0
507,2019-12-12 14:18:02.250,Tosh,1,lying down,lying down,0
508,2019-12-12 14:18:02.250,Tosh,1,lying down,lying down,0
509,2019-12-12 14:18:02.250,Tosh,1,lying down,lying down,0
510,2019-12-12 14:18:02.250,Tosh,1,lying down,lying down,0
511,2019-12-12 14:18:02.250,Tosh,1,lying down,lying down,0
512,2019-12-12 14:18:02.250,Tosh,1,lying down,lying down,0
513,2019-12-12 14:18:02.250,Tosh,1,lying down,lying down,0
514,2019-12-12 14:18:02.250,Tosh,1,lying down,lying down,0
515,2019-12-12 14:18:02.250,Tosh,1,lying down,lying down,0
516,2019-12-12 14:18:02.250,Tosh,1,lying down,lying down,0
517,2019-12-12 14:18:02.250,Tosh,1,lying down,lying down,0
518,2019-12-12 14:18:02.250,Tosh,1,lying down,lying down,0
519,2019-12-12 14:18:02.250,Tosh,1,lying down,lying down,0
520,2019-12-12 14:18:02.250,Tosh,1,lying down,lying down,0
521,2019-12-12 14:18:02.250,Tosh,1,lying down,lying down,0
522,2019-12-12 14:18:02.250,Tosh,1,lying down,lying down,0
523,2019-12-12 14:18:02.250,Tosh,1,lying down,lying down,0
524,2019-12-12 14:18:02.250,Tosh,1,lying down,lying down,0
525,2019-12-12 14:18:02.250,Tosh,1,lying down,lying down,0
526,2019-12-12 14:18:02.250,Tosh,1,lying down,lying down,0
527,2019-12-12 14:18:02.250,Tosh,1,lying down,lying down,0
528,2019-12-12 14:18:02.250,Tosh,1,lying down,lying down,0
529,2019-12-12 14:18:02.250,Tosh,1,lying down,lying down,0
530,2019-12-12 14:18:02.250,Tosh,1,lying down,lying down,0
531,2019-12-12 14:18:02.250,Tosh,1,lying down,lying down,0
532,2019-12-12 14:18:02.250,Tosh,1,lying down,lying down,0
533,2019-12-12 14:18:02.250,Tosh,1,lying down,lying down,0
534,2019-12-12 14:18:02.250,Tosh,1,lying down,lying down,0
535,2019-12-12 14:18:02.250,Tosh,1,lying down,lying down,0
536,2019-12-12 14:18:02.250,Tosh,1,lying down,lying down,0
537,2019-12-12 14:18:02.250,Tosh,1,lying down,lying down,0
538,2019-12-12 14:18:02.250,Tosh,1,lying down,lying down,0
539,2019-12-12 14:18:02.250,Tosh,1,lying down,lying down,0
540,2019-12-12 14:18:02.250,Tosh,1,lying down,lying down,0
541,2019-12-12 14:18:02.250,Tosh,1,lying down,lying down,0
542,2019-12-12 14:18:02.250,Tosh,1,lying down,lying down,0
543,2019-12-12 14:18:02.250,Tosh,1,lying down,lying down,0
544,2019-12-12 14:18:02.250,Tosh,1,lying down,lying down,0
545,2019-12-12 14:18:02.250,Tosh,1,lying down,lying down,0
546,2019-12-12 14:18:02.250,Tosh,1,lying down,lying down,0
547,2019-12-12 14:18:02.250,Tosh,1,lying down,lying down,0
548,2019-12-12 14:18:02.250,Tosh,1,lying down,lying down,0
549,2019-12-12 14:18:02.250,Tosh,1,lying down,lying down,0
550,2019-12-12 14:18:02.250,Tosh,1,lying down,lying down,0
551,2019-12-12 14:18:02.250,Tosh,1,lying down,lying down,0
552,2019-12-12 14:18:02.250,Tosh,1,lying down,lying down,0
553,2019-12-12 14:18:02.250,Tosh,1,lying down,lying down,0
554,2019-12-12 14:18:02.250,Tosh,1,lying down,lying down,0
555,2019-12-12 14:18:02.250,Tosh,1,lying down,lying down,0
556,2019-12-12 14:18:02.250,Tosh,1,lying down,lying down,0
557,2019-12-12 14:18:02.250,Tosh,1,lying down,lying down,0
558,2019-12-12 14:18:02.250,Tosh,1,lying down,lying down,0
559,2019-12-12 14:18:02.250,Tosh,1,lying down,lying down,0
560,2019-12-12 14:18:02.250,Tosh,1,lying down,lying down,0
561,2019-12-12 14:18:02.250,Tosh,1,lying down,lying down,0
562,2019-12-12 14:18:02.250,Tosh,1,lying down,lying down,0
563,2019-12-12 14:18:02.250,Tosh,1,lying down,lying down,0
564,2019-12-12 14:18:02.250,Tosh,1,lying down,lying down,0
565,2019-12-12 14:18:02.250,Tosh,1,lying down,lying down,0
566,2019-12-12 14:18:02.250,Tosh,1,lying down,lying down,0
567,2019-12-12 14:18:02.250,Tosh,1,lying down,lying down,0
568,2019-12-12 14:18:02.250,Tosh,1,lying down,lying down,0
569,2019-12-12 14:18:02.250,Tosh,1,lying down,lying down,0
570,2019-12-12 14:18:02.250,Tosh,1,lying down,lying down,0
571,2019-12-12 14:18:02.250,Tosh,1,lying down,lying down,0
572,2019-12-12 14:18:02.250,Tosh,1,lying down,lying down,0
573,2019-12-12 14:18:02.250,Tosh,1,lying down,lying down,0
574,2019-12-12 14:18:02.250,Tosh,1,lying down,lying down,0
575,2019-12-12 14:18:02.250,Tosh,1,lying down,lying down,0
576,2019-12-12 14:18:02.250,Tosh,1,lying down,lying down,0
577,2019-12-12 14:18:02.250,Tosh,1,lying down,lying down,0
578,2019-12-12 14:18:02.250,Tosh,1,lying down,lying down,0
579,2019-12-12 14:18:02.250,Tosh,1,lying down,lying down,0
580,2019-12-12 14:18:02.250,Tosh,1,lying down,lying down,0
581,2019-12-12 14:18:02.250,Tosh,1,lying down,lying down,0
582,2019-12-12 14:18:02.250,Tosh,1,lying down,lying down,0
583,2019-12-12 14:18:02.250,Tosh,1,lying down,lying down,0
584,2019-12-12 14:18:02.250,Tosh,1,lying down,lying down,0
585,2019-12-12 14:18:02.250,Tosh,1,lying down,lying down,0
586,2019-12-12 14:18:02.250,Tosh,1,lying down,lying down,0
587,2019-12-12 14:18:02.250,Tosh,1,lying down,lying down,0
588,2019-12-12 14:18:02.250,Tosh,1,lying down,lying down,0
589,2019-12-12 14:18:02.250,Tosh,1,lying down,lying down,0
590,2019-12-12 14:18:02.250,Tosh,1,lying down,lying down,0
591,2019-12-12 14:18:02.250,Tosh,1,lying down,lying down,0
592,2019-12-12 14:18:02.250,Tosh,1,lying down,lying down,0
593,2019-12-12 14:18:02.250,Tosh,1,lying down,lying down,0
594,2019-12-12 14:18:02.250,Tosh,1,lying down,lying down,0
595,2019-12-12 14:18:02.250,Tosh,1,lying down,lying down,0
596,2019-12-12 14:18:02.250,Tosh,1,lying down,lying down,0
597,2019-12-12 14:18:02.250,Tosh,1,lying down,lying down,0
598,2019-12-12 14:18:02.250,Tosh,1,lying down,lying down,0
599,2019-12-12 14:18:02.250,Tosh,1,lying down,lying down,0
600,2019-12-12 14:18:02.250,Tosh,1,lying down,lying down,0
601,2019-12-12 14:18:02.250,Tosh,1,lying down,lying down,0
602,2019-12-12 14:18:02.250,Tosh,1,lying down,lying down,0
603,2019-12-12 14:18:02.250,Tosh,1,lying down,lying down,0
604,2019-12-12 14:18:02.250,Tosh,1,lying down,lying down,0
605,2019-12-12 14:18:02.250,Tosh,1,lying down,lying down,0
606,2019-12-12 14:18:02.250,Tosh,1,lying down,lying down,0
607,2019-12-12 14:18:02.250,Tosh,1,lying down,lying down,0
608,2019-12-12 14:18:02.250,Tosh,1,lying down,lying down,0
609,2019-12-12 14:18:02.250,Tosh,1,lying down,lying down,0
610,2019-12-12 14:18:02.250,Tosh,1,lying down,lying down,0
611,2019-12-12 14:18:02.250,Tosh,1,lying down,lying down,0
612,2019-12-12 14:18:02.250,Tosh,1,lying down,lying down,0
613,2019-12-12 14:18:02.250,Tosh,1,lying down,lying down,0
614,2019-12-12 14:19:21.250,Tosh,1,standing,standing,0
615,2019-12-12 14:19:21.250,Tosh,1,standing,sitting,1
616,2019-12-12 14:19:21.250,Tosh,1,standing,sitting,1
617,2019-12-12 14:19:21.250,Tosh,1,standing,sitting,1
618,2019-12-12 14:19:21.250,Tosh,1,standing,standing,0
619,2019-12-12 14:19:21.250,Tosh,1,standing,standing,0
620,2019-12-12 14:19:21.250,Tosh,1,standing,standing,0
621,2019-12-12 14:19:21.250,Tosh,1,standing,standing,0
622,2019-12-12 14:19:21.250,Tosh,1,standing,standing,0
623,2019-12-12 14:19:21.250,Tosh,1,standing,standing,0
624,2019-12-12 14:19:21.250,Tosh,1,standing,standing,0
625,2019-12-12 14:19:21.250,Tosh,1,standing,standing,0
626,2019-12-12 14:19:21.250,Tosh,1,standing,standing,0
627,2019-12-12 14:19:21.250,Tosh,1,standing,standing,0
628,2019-12-12 14:19:21.250,Tosh,1,standing,standing,0
629,2019-12-12 14:19:21.250,Tosh,1,standing,standing,0
630,2019-12-12 14:19:21.250,Tosh,1,standing,standing,0
631,2019-12-12 14:19:21.250,Tosh,1,standing,standing,0
632,2019-12-12 14:19:21.250,Tosh,1,standing,standing,0
633,2019-12-12 14:19:21.250,Tosh,1,standing,standing,0
634,2019-12-12 14:19:21.250,Tosh,1,standing,standing,0
635,2019-12-12 14:19:21.250,Tosh,1,standing,standing,0
636,2019-12-12 14:19:21.250,Tosh,1,standing,standing,0
637,2019-12-12 14:19:21.250,Tosh,1,standing,standing,0
638,2019-12-12 14:19:21.250,Tosh,1,standing,standing,0
639,2019-12-12 14:19:21.250,Tosh,1,standing,standing,0
640,2019-12-12 14:19:21.250,Tosh,1,standing,standing,0
641,2019-12-12 14:19:21.250,Tosh,1,standing,standing,0
642,2019-12-12 14:19:21.250,Tosh,1,standing,standing,0
643,2019-12-12 14:19:21.250,Tosh,1,standing,standing,0
644,2019-12-12 14:19:21.250,Tosh,1,standing,standing,0
645,2019-12-12 14:19:21.250,Tosh,1,standing,standing,0
646,2019-12-12 14:19:21.250,Tosh,1,standing,standing,0
647,2019-12-12 14:19:21.250,Tosh,1,standing,standing,0
648,2019-12-12 14:19:21.250,Tosh,1,standing,standing,0
649,2019-12-12 14:19:21.250,Tosh,1,standing,standing,0
650,2019-12-12 14:19:21.250,Tosh,1,standing,standing,0
651,2019-12-12 14:19:21.250,Tosh,1,standing,standing,0
652,2019-12-12 14:19:21.250,Tosh,1,standing,standing,0
653,2019-12-12 14:19:21.250,Tosh,1,standing,standing,0
654,2019-12-12 14:19:21.250,Tosh,1,standing,standing,0
655,2019-12-12 14:19:21.250,Tosh,1,standing,standing,0
656,2019-12-12 14:19:21.250,Tosh,1,standing,standing,0
657,2019-12-12 14:19:21.250,Tosh,1,standing,standing,0
658,2019-12-12 14:19:21.250,Tosh,1,standing,standing,0
659,2019-12-12 14:19:21.250,Tosh,1,standing,standing,0
660,2019-12-12 14:19:50.250,Tosh,1,walking,walking,0
661,2019-12-12 14:19:50.250,Tosh,1,walking,walking,0
662,2019-12-12 14:19:50.250,Tosh,1,walking,walking,0
663,2019-12-12 14:19:50.250,Tosh,1,walking,walking,0
664,2019-12-12 14:19:53.250,Tosh,1,standing,standing,0
665,2019-12-12 14:19:53.250,Tosh,1,standing,standing,0
666,2019-12-12 14:19:53.250,Tosh,1,standing,standing,0
667,2019-12-12 14:19:53.250,Tosh,1,standing,standing,0
668,2019-12-12 14:19:53.250,Tosh,1,standing,standing,0
669,2019-12-12 14:19:53.250,Tosh,1,standing,standing,0
670,2019-12-12 14:19:53.250,Tosh,1,standing,standing,0
671,2019-12-12 14:19:53.250,Tosh,1,standing,standing,0
672,2019-12-12 14:19:53.250,Tosh,1,standing,standing,0
673,2019-12-12 14:19:53.250,Tosh,1,standing,standing,0
674,2019-12-12 14:19:53.250,Tosh,1,standing,standing,0
675,2019-12-12 14:19:53.250,Tosh,1,standing,standing,0
676,2019-12-12 14:19:53.250,Tosh,1,standing,standing,0
677,2019-12-12 14:19:53.250,Tosh,1,standing,standing,0
678,2019-12-12 14:19:53.250,Tosh,1,standing,standing,0
679,2019-12-12 14:19:53.250,Tosh,1,standing,standing,0
680,2019-12-12 14:19:53.250,Tosh,1,standing,standing,0
681,2019-12-12 14:19:53.250,Tosh,1,standing,standing,0
682,2019-12-12 14:19:53.250,Tosh,1,standing,standing,0
683,2019-12-12 14:19:53.250,Tosh,1,standing,standing,0
684,2019-12-12 14:19:53.250,Tosh,1,standing,standing,0
685,2019-12-12 14:19:53.250,Tosh,1,standing,standing,0
686,2019-12-12 14:19:53.250,Tosh,1,standing,standing,0
687,2019-12-12 14:19:53.250,Tosh,1,standing,standing,0
688,2019-12-12 14:19:53.250,Tosh,1,standing,standing,0
689,2019-12-12 14:19:53.250,Tosh,1,standing,standing,0
690,2019-12-12 14:19:53.250,Tosh,1,standing,standing,0
691,2019-12-12 14:19:53.250,Tosh,1,standing,standing,0
692,2019-12-12 14:19:53.250,Tosh,1,standing,standing,0
693,2019-12-12 14:19:53.250,Tosh,1,standing,standing,0
694,2019-12-12 14:19:53.250,Tosh,1,standing,standing,0
695,2019-12-12 14:19:53.250,Tosh,1,standing,standing,0
696,2019-12-12 14:19:53.250,Tosh,1,standing,standing,0
697,2019-12-12 14:19:53.250,Tosh,1,standing,standing,0
698,2019-12-12 14:19:53.250,Tosh,1,standing,standing,0
699,2019-12-12 14:19:53.250,Tosh,1,standing,standing,0
700,2019-12-12 14:19:53.250,Tosh,1,standing,standing,0
701,2019-12-12 14:19:53.250,Tosh,1,standing,standing,0
702,2019-12-12 14:19:53.250,Tosh,1,standing,standing,0
703,2019-12-12 14:19:53.250,Tosh,1,standing,standing,0
704,2019-12-12 14:19:53.250,Tosh,1,standing,standing,0
705,2019-12-12 14:19:53.250,Tosh,1,standing,standing,0
706,2019-12-12 14:19:53.250,Tosh,1,standing,standing,0
707,2019-12-12 14:19:53.250,Tosh,1,standing,standing,0
708,2019-12-12 14:19:53.250,Tosh,1,standing,standing,0
709,2019-12-12 14:19:53.250,Tosh,1,standing,standing,0
710,2019-12-12 14:19:53.250,Tosh,1,standing,standing,0
711,2019-12-12 14:19:53.250,Tosh,1,standing,standing,0
712,2019-12-12 14:19:53.250,Tosh,1,standing,standing,0
713,2019-12-12 14:19:53.250,Tosh,1,standing,standing,0
714,2019-12-12 14:19:53.250,Tosh,1,standing,standing,0
715,2019-12-12 14:19:53.250,Tosh,1,standing,standing,0
716,2019-12-12 14:19:53.250,Tosh,1,standing,standing,0
717,2019-12-12 14:19:53.250,Tosh,1,standing,standing,0
718,2019-12-12 14:19:53.250,Tosh,1,standing,standing,0
719,2019-12-12 14:19:53.250,Tosh,1,standing,standing,0
720,2019-12-12 14:19:53.250,Tosh,1,standing,standing,0
721,2019-12-12 14:19:53.250,Tosh,1,standing,standing,0
722,2019-12-12 14:20:23.250,Tosh,1,walking,walking,0
723,2019-12-12 14:20:23.250,Tosh,1,walking,walking,0
724,2019-12-12 14:20:23.250,Tosh,1,walking,walking,0
725,2019-12-12 14:20:23.250,Tosh,1,walking,walking,0
726,2019-12-12 14:20:23.250,Tosh,1,walking,walking,0
727,2019-12-12 14:20:23.250,Tosh,1,walking,walking,0
728,2019-12-12 14:20:23.250,Tosh,1,walking,walking,0
729,2019-12-12 14:20:23.250,Tosh,1,walking,walking,0
730,2019-12-12 14:20:23.250,Tosh,1,walking,walking,0
731,2019-12-12 14:20:23.250,Tosh,1,walking,walking,0
732,2019-12-12 14:20:23.250,Tosh,1,walking,walking,0
733,2019-12-12 14:20:23.250,Tosh,1,walking,walking,0
734,2019-12-12 14:20:23.250,Tosh,1,walking,walking,0
735,2019-12-12 14:20:23.250,Tosh,1,walking,walking,0
736,2019-12-12 14:20:31.250,Tosh,1,standing,standing,0
737,2019-12-12 14:20:31.250,Tosh,1,standing,standing,0
738,2019-12-12 14:20:31.250,Tosh,1,standing,standing,0
739,2019-12-12 14:20:31.250,Tosh,1,standing,standing,0
740,2019-12-12 14:20:31.250,Tosh,1,standing,standing,0
741,2019-12-12 14:20:31.250,Tosh,1,standing,standing,0
742,2019-12-12 14:20:31.250,Tosh,1,standing,standing,0
743,2019-12-12 14:20:31.250,Tosh,1,standing,standing,0
744,2019-12-12 14:20:31.250,Tosh,1,standing,standing,0
745,2019-12-12 14:20:31.250,Tosh,1,standing,standing,0
746,2019-12-12 14:20:31.250,Tosh,1,standing,standing,0
747,2019-12-12 14:20:31.250,Tosh,1,standing,standing,0
748,2019-12-12 14:20:31.250,Tosh,1,standing,standing,0
749,2019-12-12 14:20:31.250,Tosh,1,standing,standing,0
750,2019-12-12 14:20:31.250,Tosh,1,standing,standing,0
751,2019-12-12 14:20:31.250,Tosh,1,standing,standing,0
752,2019-12-12 14:20:31.250,Tosh,1,standing,standing,0
753,2019-12-12 14:20:31.250,Tosh,1,standing,standing,0
754,2019-12-12 14:20:31.250,Tosh,1,standing,standing,0
755,2019-12-12 14:20:31.250,Tosh,1,standing,standing,0
756,2019-12-12 14:20:31.250,Tosh,1,standing,standing,0
757,2019-12-12 14:20:31.250,Tosh,1,standing,standing,0
758,2019-12-12 14:20:31.250,Tosh,1,standing,standing,0
759,2019-12-12 14:20:31.250,Tosh,1,standing,standing,0
760,2019-12-12 14:20:31.250,Tosh,1,standing,standing,0
761,2019-12-12 14:20:31.250,Tosh,1,standing,standing,0
762,2019-12-12 14:20:31.250,Tosh,1,standing,standing,0
763,2019-12-12 14:20:31.250,Tosh,1,standing,standing,0
764,2019-12-12 14:20:31.250,Tosh,1,standing,standing,0
765,2019-12-12 14:20:31.250,Tosh,1,standing,standing,0
766,2019-12-12 14:20:31.250,Tosh,1,standing,standing,0
767,2019-12-12 14:20:31.250,Tosh,1,standing,standing,0
768,2019-12-12 14:20:48.250,Tosh,1,walking,walking,0
769,2019-12-12 14:20:48.250,Tosh,1,walking,walking,0
770,2019-12-12 14:20:48.250,Tosh,1,walking,walking,0
771,2019-12-12 14:20:48.250,Tosh,1,walking,walking,0
772,2019-12-12 14:20:48.250,Tosh,1,walking,walking,0
773,2019-12-12 14:20:48.250,Tosh,1,walking,walking,0
774,2019-12-12 14:20:48.250,Tosh,1,walking,walking,0
775,2019-12-12 14:20:48.250,Tosh,1,walking,walking,0
776,2019-12-12 14:20:48.250,Tosh,1,walking,walking,0
777,2019-12-12 14:20:48.250,Tosh,1,walking,walking,0
778,2019-12-12 14:20:48.250,Tosh,1,walking,walking,0
779,2019-12-12 14:20:48.250,Tosh,1,walking,walking,0
780,2019-12-12 14:20:48.250,Tosh,1,walking,walking,0
781,2019-12-12 14:20:48.250,Tosh,1,walking,walking,0
782,2019-12-12 14:20:48.250,Tosh,1,walking,walking,0
783,2019-12-12 14:20:48.250,Tosh,1,walking,walking,0
784,2019-12-12 14:20:48.250,Tosh,1,walking,walking,0
785,2019-12-12 14:20:48.250,Tosh,1,walking,walking,0
786,2019-12-12 14:20:48.250,Tosh,1,walking,walking,0
787,2019-12-12 14:20:48.250,Tosh,1,walking,walking,0
788,2019-12-12 14:20:48.250,Tosh,1,walking,walking,0
789,2019-12-12 14:20:48.250,Tosh,1,walking,walking,0
790,2019-12-12 14:20:48.250,Tosh,1,walking,walking,0
791,2019-12-12 14:20:48.250,Tosh,1,walking,walking,0
792,2019-12-12 14:20:48.250,Tosh,1,walking,walking,0
793,2019-12-12 14:20:48.250,Tosh,1,walking,walking,0
794,2019-12-12 14:20:48.250,Tosh,1,walking,walking,0
795,2019-12-12 14:20:48.250,Tosh,1,walking,walking,0
796,2019-12-12 14:20:48.250,Tosh,1,walking,walking,0
797,2019-12-12 14:20:48.250,Tosh,1,walking,walking,0
798,2019-12-12 14:20:48.250,Tosh,1,walking,walking,0
799,2019-12-12 14:20:48.250,Tosh,1,walking,walking,0
800,2019-12-12 14:20:48.250,Tosh,1,walking,walking,0
801,2019-12-12 14:20:48.250,Tosh,1,walking,walking,0
802,2019-12-12 14:20:48.250,Tosh,1,walking,walking,0
803,2019-12-12 14:20:48.250,Tosh,1,walking,walking,0
804,2019-12-12 14:20:48.250,Tosh,1,walking,walking,0
805,2019-12-12 14:20:48.250,Tosh,1,walking,walking,0
806,2019-12-12 14:20:48.250,Tosh,1,walking,walking,0
807,2019-12-12 14:20:48.250,Tosh,1,walking,walking,0
808,2019-12-12 14:20:48.250,Tosh,1,walking,walking,0
809,2019-12-12 14:20:48.250,Tosh,1,walking,walking,0
810,2019-12-12 14:20:48.250,Tosh,1,walking,walking,0
811,2019-12-12 14:20:48.250,Tosh,1,walking,walking,0
812,2019-12-12 14:20:48.250,Tosh,1,walking,walking,0
813,2019-12-12 14:20:48.250,Tosh,1,walking,walking,0
814,2019-12-12 14:20:48.250,Tosh,1,walking,walking,0
815,2019-12-12 14:20:48.250,Tosh,1,walking,walking,0
816,2019-12-12 14:20:48.250,Tosh,1,walking,walking,0
817,2019-12-12 14:20:48.250,Tosh,1,walking,walking,0
818,2019-12-12 14:20:48.250,Tosh,1,walking,walking,0
819,2019-12-12 14:20:48.250,Tosh,1,walking,walking,0
820,2019-12-12 14:20:48.250,Tosh,1,walking,walking,0
821,2019-12-12 14:20:48.250,Tosh,1,walking,walking,0
822,2019-12-12 14:20:48.250,Tosh,1,walking,walking,0
823,2019-12-12 14:20:48.250,Tosh,1,walking,walking,0
824,2019-12-12 14:20:48.250,Tosh,1,walking,walking,0
825,2019-12-12 14:20:48.250,Tosh,1,walking,walking,0
826,2019-12-12 14:20:48.250,Tosh,1,walking,walking,0
827,2019-12-12 14:20:48.250,Tosh,1,walking,walking,0
828,2019-12-12 14:20:48.250,Tosh,1,walking,walking,0
829,2019-12-12 14:20:48.250,Tosh,1,walking,walking,0
830,2019-12-12 14:20:48.250,Tosh,1,walking,standing,1
831,2019-12-12 14:20:48.250,Tosh,1,walking,standing,1
832,2019-12-12 14:20:48.250,Tosh,1,walking,standing,1
833,2019-12-12 14:20:48.250,Tosh,1,walking,standing,1
834,2019-12-12 14:21:22.250,Tosh,1,standing,standing,0
835,2019-12-12 14:21:22.250,Tosh,1,standing,standing,0
836,2019-12-12 14:21:24.250,Tosh,1,walking,walking,0
837,2019-12-12 14:21:24.250,Tosh,1,walking,walking,0
838,2019-12-12 14:21:24.250,Tosh,1,walking,walking,0
839,2019-12-12 14:21:24.250,Tosh,1,walking,walking,0
840,2019-12-12 14:21:24.250,Tosh,1,walking,walking,0
841,2019-12-12 14:21:24.250,Tosh,1,walking,walking,0
842,2019-12-12 14:21:24.250,Tosh,1,walking,standing,1
843,2019-12-12 14:21:24.250,Tosh,1,walking,standing,1
844,2019-12-12 14:21:29.250,Tosh,1,standing,standing,0
845,2019-12-12 14:21:29.250,Tosh,1,standing,standing,0
846,2019-12-12 14:21:29.250,Tosh,1,standing,standing,0
847,2019-12-12 14:21:29.250,Tosh,1,standing,standing,0
848,2019-12-12 14:21:29.250,Tosh,1,standing,standing,0
849,2019-12-12 14:21:29.250,Tosh,1,standing,standing,0
850,2019-12-12 14:21:29.250,Tosh,1,standing,standing,0
851,2019-12-12 14:21:29.250,Tosh,1,standing,standing,0
852,2019-12-12 14:21:34.250,Tosh,1,walking,walking,0
853,2019-12-12 14:21:34.250,Tosh,1,walking,walking,0
854,2019-12-12 14:21:34.250,Tosh,1,walking,standing,1
855,2019-12-12 14:21:34.250,Tosh,1,walking,standing,1
856,2019-12-12 14:21:37.250,Tosh,1,standing,standing,0
857,2019-12-12 14:21:37.250,Tosh,1,standing,walking,1
858,2019-12-12 14:21:39.250,Tosh,1,sitting,sitting,0
859,2019-12-12 14:21:39.250,Tosh,1,sitting,sitting,0
860,2019-12-12 14:21:39.250,Tosh,1,sitting,sitting,0
861,2019-12-12 14:21:39.250,Tosh,1,sitting,sitting,0
862,2019-12-12 14:21:39.250,Tosh,1,sitting,sitting,0
863,2019-12-12 14:21:39.250,Tosh,1,sitting,sitting,0
864,2019-12-12 14:21:39.250,Tosh,1,sitting,sitting,0
865,2019-12-12 14:21:39.250,Tosh,1,sitting,sitting,0
866,2019-12-12 14:21:39.250,Tosh,1,sitting,sitting,0
867,2019-12-12 14:21:39.250,Tosh,1,sitting,sitting,0
868,2019-12-12 14:21:39.250,Tosh,1,sitting,sitting,0
869,2019-12-12 14:21:39.250,Tosh,1,sitting,sitting,0
870,2019-12-12 14:21:39.250,Tosh,1,sitting,sitting,0
871,2019-12-12 14:21:39.250,Tosh,1,sitting,sitting,0
872,2019-12-12 14:21:39.250,Tosh,1,sitting,sitting,0
873,2019-12-12 14:21:39.250,Tosh,1,sitting,sitting,0
874,2019-12-12 14:21:39.250,Tosh,1,sitting,sitting,0
875,2019-12-12 14:21:39.250,Tosh,1,sitting,sitting,0
876,2019-12-12 14:21:39.250,Tosh,1,sitting,sitting,0
877,2019-12-12 14:21:39.250,Tosh,1,sitting,sitting,0
878,2019-12-12 14:21:39.250,Tosh,1,sitting,sitting,0
879,2019-12-12 14:21:39.250,Tosh,1,sitting,sitting,0
880,2019-12-12 14:21:39.250,Tosh,1,sitting,sitting,0
881,2019-12-12 14:21:39.250,Tosh,1,sitting,sitting,0
882,2019-12-12 14:21:39.250,Tosh,1,sitting,sitting,0
883,2019-12-12 14:21:39.250,Tosh,1,sitting,sitting,0
884,2019-12-12 14:21:39.250,Tosh,1,sitting,sitting,0
885,2019-12-12 14:21:39.250,Tosh,1,sitting,sitting,0
886,2019-12-12 14:21:39.250,Tosh,1,sitting,sitting,0
887,2019-12-12 14:21:39.250,Tosh,1,sitting,sitting,0
888,2019-12-12 14:21:39.250,Tosh,1,sitting,sitting,0
889,2019-12-12 14:21:39.250,Tosh,1,sitting,sitting,0
890,2019-12-12 14:21:39.250,Tosh,1,sitting,sitting,0
891,2019-12-12 14:21:39.250,Tosh,1,sitting,sitting,0
892,2019-12-12 14:21:39.250,Tosh,1,sitting,sitting,0
893,2019-12-12 14:21:39.250,Tosh,1,sitting,sitting,0
894,2019-12-12 14:21:39.250,Tosh,1,sitting,sitting,0
895,2019-12-12 14:21:39.250,Tosh,1,sitting,sitting,0
896,2019-12-12 14:21:39.250,Tosh,1,sitting,sitting,0
897,2019-12-12 14:21:39.250,Tosh,1,sitting,sitting,0
898,2019-12-12 14:21:39.250,Tosh,1,sitting,sitting,0
899,2019-12-12 14:21:39.250,Tosh,1,sitting,sitting,0
900,2019-12-12 14:21:39.250,Tosh,1,sitting,sitting,0
901,2019-12-12 14:21:39.250,Tosh,1,sitting,sitting,0
902,2019-12-12 14:21:39.250,Tosh,1,sitting,sitting,0
903,2019-12-12 14:21:39.250,Tosh,1,sitting,sitting,0
904,2019-12-12 14:21:39.250,Tosh,1,sitting,sitting,0
905,2019-12-12 14:21:39.250,Tosh,1,sitting,sitting,0
906,2019-12-12 14:21:39.250,Tosh,1,sitting,sitting,0
907,2019-12-12 14:21:39.250,Tosh,1,sitting,sitting,0
908,2019-12-12 14:21:39.250,Tosh,1,sitting,sitting,0
909,2019-12-12 14:21:39.250,Tosh,1,sitting,sitting,0
910,2019-12-12 14:21:39.250,Tosh,1,sitting,sitting,0
911,2019-12-12 14:21:39.250,Tosh,1,sitting,sitting,0
912,2019-12-12 14:22:24.250,Tosh,1,standing,standing,0
913,2019-12-12 14:22:24.250,Tosh,1,standing,standing,0
914,2019-12-12 14:22:24.250,Tosh,1,standing,standing,0
915,2019-12-12 14:22:24.250,Tosh,1,standing,standing,0
916,2019-12-12 14:22:24.250,Tosh,1,standing,standing,0
917,2019-12-12 14:22:24.250,Tosh,1,standing,standing,0
918,2019-12-12 14:22:24.250,Tosh,1,standing,standing,0
919,2019-12-12 14:22:24.250,Tosh,1,standing,standing,0
920,2019-12-12 14:22:24.250,Tosh,1,standing,standing,0
921,2019-12-12 14:22:24.250,Tosh,1,standing,standing,0
922,2019-12-12 14:22:24.250,Tosh,1,standing,standing,0
923,2019-12-12 14:22:24.250,Tosh,1,standing,standing,0
924,2019-12-12 14:22:24.250,Tosh,1,standing,standing,0
925,2019-12-12 14:22:24.250,Tosh,1,standing,standing,0
926,2019-12-12 14:22:32.250,Tosh,1,walking,walking,0
927,2019-12-12 14:22:32.250,Tosh,1,walking,walking,0
928,2019-12-12 14:22:32.250,Tosh,1,walking,walking,0
929,2019-12-12 14:22:32.250,Tosh,1,walking,walking,0
930,2019-12-12 14:22:32.250,Tosh,1,walking,walking,0
931,2019-12-12 14:22:32.250,Tosh,1,walking,walking,0
932,2019-12-12 14:22:32.250,Tosh,1,walking,walking,0
933,2019-12-12 14:22:32.250,Tosh,1,walking,walking,0
934,2019-12-12 14:22:32.250,Tosh,1,walking,walking,0
935,2019-12-12 14:22:32.250,Tosh,1,walking,walking,0
936,2019-12-12 14:22:32.250,Tosh,1,walking,walking,0
937,2019-12-12 14:22:32.250,Tosh,1,walking,walking,0
938,2019-12-12 14:22:32.250,Tosh,1,walking,walking,0
939,2019-12-12 14:22:32.250,Tosh,1,walking,walking,0
940,2019-12-12 14:22:40.250,Tosh,1,standing,standing,0
941,2019-12-12 14:22:40.250,Tosh,1,standing,standing,0
942,2019-12-12 14:22:40.250,Tosh,1,standing,standing,0
943,2019-12-12 14:22:40.250,Tosh,1,standing,standing,0
944,2019-12-12 14:22:40.250,Tosh,1,standing,standing,0
945,2019-12-12 14:22:40.250,Tosh,1,standing,standing,0
946,2019-12-12 14:22:40.250,Tosh,1,standing,standing,0
947,2019-12-12 14:22:40.250,Tosh,1,standing,standing,0
948,2019-12-12 14:22:40.250,Tosh,1,standing,standing,0
949,2019-12-12 14:22:40.250,Tosh,1,standing,standing,0
950,2019-12-12 14:22:40.250,Tosh,1,standing,standing,0
951,2019-12-12 14:22:40.250,Tosh,1,standing,standing,0
952,2019-12-12 14:22:40.250,Tosh,1,standing,standing,0
953,2019-12-12 14:22:40.250,Tosh,1,standing,standing,0
954,2019-12-12 14:22:40.250,Tosh,1,standing,standing,0
955,2019-12-12 14:22:40.250,Tosh,1,standing,standing,0
956,2019-12-12 14:22:40.250,Tosh,1,standing,standing,0
957,2019-12-12 14:22:40.250,Tosh,1,standing,standing,0
958,2019-12-12 14:22:40.250,Tosh,1,standing,standing,0
959,2019-12-12 14:22:40.250,Tosh,1,standing,standing,0
960,2019-12-12 14:22:40.250,Tosh,1,standing,standing,0
961,2019-12-12 14:22:40.250,Tosh,1,standing,standing,0
962,2019-12-12 14:22:40.250,Tosh,1,standing,standing,0
963,2019-12-12 14:22:40.250,Tosh,1,standing,standing,0
964,2019-12-12 14:22:40.250,Tosh,1,standing,standing,0
965,2019-12-12 14:22:40.250,Tosh,1,standing,standing,0
966,2019-12-12 14:22:40.250,Tosh,1,standing,standing,0
967,2019-12-12 14:22:40.250,Tosh,1,standing,standing,0
968,2019-12-12 14:22:40.250,Tosh,1,standing,standing,0
969,2019-12-12 14:22:40.250,Tosh,1,standing,standing,0
970,2019-12-12 14:22:40.250,Tosh,1,standing,standing,0
971,2019-12-12 14:22:40.250,Tosh,1,standing,standing,0
972,2019-12-12 14:22:40.250,Tosh,1,standing,standing,0
973,2019-12-12 14:22:40.250,Tosh,1,standing,standing,0
974,2019-12-12 14:22:40.250,Tosh,1,standing,standing,0
975,2019-12-12 14:22:40.250,Tosh,1,standing,standing,0
976,2019-12-12 14:22:40.250,Tosh,1,standing,standing,0
977,2019-12-12 14:22:40.250,Tosh,1,standing,standing,0
978,2019-12-12 14:22:40.250,Tosh,1,standing,standing,0
979,2019-12-12 14:22:40.250,Tosh,1,standing,standing,0
980,2019-12-12 14:22:40.250,Tosh,1,standing,standing,0
981,2019-12-12 14:22:40.250,Tosh,1,standing,standing,0
982,2019-12-12 14:22:40.250,Tosh,1,standing,standing,0
983,2019-12-12 14:22:40.250,Tosh,1,standing,standing,0
984,2019-12-12 14:22:40.250,Tosh,1,standing,standing,0
985,2019-12-12 14:22:40.250,Tosh,1,standing,standing,0
986,2019-12-12 14:22:40.250,Tosh,1,standing,standing,0
987,2019-12-12 14:22:40.250,Tosh,1,standing,standing,0
988,2019-12-12 14:22:40.250,Tosh,1,standing,standing,0
989,2019-12-12 14:22:40.250,Tosh,1,standing,standing,0
990,2019-12-12 14:22:40.250,Tosh,1,standing,standing,0
991,2019-12-12 14:22:40.250,Tosh,1,standing,standing,0
992,2019-12-12 14:22:40.250,Tosh,1,standing,standing,0
993,2019-12-12 14:22:40.250,Tosh,1,standing,standing,0
994,2019-12-12 14:22:40.250,Tosh,1,standing,standing,0
995,2019-12-12 14:22:40.250,Tosh,1,standing,standing,0
996,2019-12-12 14:22:40.250,Tosh,1,standing,standing,0
997,2019-12-12 14:22:40.250,Tosh,1,standing,standing,0
998,2019-12-12 14:22:40.250,Tosh,1,standing,standing,0
999,2019-12-12 14:22:40.250,Tosh,1,standing,standing,0
1000,2019-12-12 14:22:40.250,Tosh,1,standing,standing,0
1001,2019-12-12 14:22:40.250,Tosh,1,standing,standing,0
1002,2019-12-12 14:22:40.250,Tosh,1,standing,standing,0
1003,2019-12-12 14:22:40.250,Tosh,1,standing,standing,0
1004,2019-12-12 14:22:40.250,Tosh,1,standing,standing,0
1005,2019-12-12 14:22:40.250,Tosh,1,standing,standing,0
1006,2019-12-12 14:22:40.250,Tosh,1,standing,standing,0
1007,2019-12-12 14:22:40.250,Tosh,1,standing,standing,0
1008,2019-12-12 14:22:40.250,Tosh,1,standing,standing,0
1009,2019-12-12 14:22:40.250,Tosh,1,standing,standing,0
1010,2019-12-12 14:22:40.250,Tosh,1,standing,standing,0
1011,2019-12-12 14:22:40.250,Tosh,1,standing,standing,0
1012,2019-12-12 14:23:17.250,Tosh,1,walking,walking,0
1013,2019-12-12 14:23:17.250,Tosh,1,walking,walking,0
1014,2019-12-12 14:23:17.250,Tosh,1,walking,walking,0
1015,2019-12-12 14:23:17.250,Tosh,1,walking,walking,0
1016,2019-12-12 14:23:17.250,Tosh,1,walking,walking,0
1017,2019-12-12 14:23:17.250,Tosh,1,walking,walking,0
1018,2019-12-12 14:23:17.250,Tosh,1,walking,walking,0
1019,2019-12-12 14:23:17.250,Tosh,1,walking,walking,0
1020,2019-12-12 14:23:22.250,Tosh,1,standing,standing,0
1021,2019-12-12 14:23:22.250,Tosh,1,standing,standing,0
1022,2019-12-12 14:23:22.250,Tosh,1,standing,standing,0
1023,2019-12-12 14:23:22.250,Tosh,1,standing,standing,0
1024,2019-12-12 14:23:22.250,Tosh,1,standing,standing,0
1025,2019-12-12 14:23:22.250,Tosh,1,standing,standing,0
1026,2019-12-12 14:23:22.250,Tosh,1,standing,standing,0
1027,2019-12-12 14:23:22.250,Tosh,1,standing,standing,0
1028,2019-12-12 14:23:22.250,Tosh,1,standing,standing,0
1029,2019-12-12 14:23:22.250,Tosh,1,standing,standing,0
1030,2019-12-12 14:23:22.250,Tosh,1,standing,standing,0
1031,2019-12-12 14:23:22.250,Tosh,1,standing,standing,0
1032,2019-12-12 14:23:22.250,Tosh,1,standing,standing,0
1033,2019-12-12 14:23:22.250,Tosh,1,standing,standing,0
1034,2019-12-12 14:23:22.250,Tosh,1,standing,standing,0
1035,2019-12-12 14:23:22.250,Tosh,1,standing,standing,0
1036,2019-12-12 14:23:22.250,Tosh,1,standing,standing,0
1037,2019-12-12 14:23:22.250,Tosh,1,standing,standing,0
1038,2019-12-12 14:23:39.250,Tosh,1,standing,standing,0
1039,2019-12-12 14:23:39.250,Tosh,1,standing,standing,0
1040,2019-12-12 14:23:39.250,Tosh,1,standing,standing,0
1041,2019-12-12 14:23:39.250,Tosh,1,standing,standing,0
1042,2019-12-12 14:23:39.250,Tosh,1,standing,standing,0
1043,2019-12-12 14:23:39.250,Tosh,1,standing,standing,0
1044,2019-12-12 14:23:39.250,Tosh,1,standing,standing,0
1045,2019-12-12 14:23:39.250,Tosh,1,standing,standing,0
1046,2019-12-12 14:23:39.250,Tosh,1,standing,standing,0
1047,2019-12-12 14:23:39.250,Tosh,1,standing,standing,0
1048,2019-12-12 14:23:39.250,Tosh,1,standing,standing,0
1049,2019-12-12 14:23:39.250,Tosh,1,standing,standing,0
1050,2019-12-12 14:23:39.250,Tosh,1,standing,standing,0
1051,2019-12-12 14:23:39.250,Tosh,1,standing,standing,0
1052,2019-12-12 14:23:39.250,Tosh,1,standing,standing,0
1053,2019-12-12 14:23:39.250,Tosh,1,standing,standing,0
1054,2019-12-12 14:23:39.250,Tosh,1,standing,standing,0
1055,2019-12-12 14:23:39.250,Tosh,1,standing,standing,0
1056,2019-12-12 14:23:39.250,Tosh,1,standing,standing,0
1057,2019-12-12 14:23:39.250,Tosh,1,standing,standing,0
1058,2019-12-12 14:23:39.250,Tosh,1,standing,standing,0
1059,2019-12-12 14:23:39.250,Tosh,1,standing,standing,0
1060,2019-12-12 14:23:39.250,Tosh,1,standing,standing,0
1061,2019-12-12 14:23:39.250,Tosh,1,standing,standing,0
1062,2019-12-12 14:23:39.250,Tosh,1,standing,standing,0
1063,2019-12-12 14:23:39.250,Tosh,1,standing,standing,0
1064,2019-12-12 14:23:39.250,Tosh,1,standing,standing,0
1065,2019-12-12 14:23:39.250,Tosh,1,standing,standing,0
1066,2019-12-12 14:23:39.250,Tosh,1,standing,walking,1
1067,2019-12-12 14:23:39.250,Tosh,1,standing,walking,1
1068,2019-12-12 14:23:39.250,Tosh,1,standing,walking,1
1069,2019-12-12 14:23:39.250,Tosh,1,standing,sitting,1
1070,2019-12-12 14:23:39.250,Tosh,1,standing,sitting,1
1071,2019-12-12 14:23:39.250,Tosh,1,standing,standing,0
1072,2019-12-12 14:23:39.250,Tosh,1,standing,standing,0
1073,2019-12-12 14:23:39.250,Tosh,1,standing,standing,0
1074,2019-12-12 14:23:39.250,Tosh,1,standing,standing,0
1075,2019-12-12 14:23:39.250,Tosh,1,standing,standing,0
1076,2019-12-12 14:23:39.250,Tosh,1,standing,sitting,1
1077,2019-12-12 14:23:39.250,Tosh,1,standing,standing,0
1078,2019-12-12 14:23:39.250,Tosh,1,standing,standing,0
1079,2019-12-12 14:23:39.250,Tosh,1,standing,sitting,1
1080,2019-12-12 14:23:39.250,Tosh,1,standing,standing,0
1081,2019-12-12 14:23:39.250,Tosh,1,standing,standing,0
1082,2019-12-12 14:23:39.250,Tosh,1,standing,standing,0
1083,2019-12-12 14:23:39.250,Tosh,1,standing,standing,0
1084,2019-12-12 14:23:39.250,Tosh,1,standing,standing,0
1085,2019-12-12 14:23:39.250,Tosh,1,standing,sitting,1
1086,2019-12-12 14:23:39.250,Tosh,1,standing,sitting,1
1087,2019-12-12 14:23:39.250,Tosh,1,standing,standing,0
1088,2019-12-12 14:23:39.250,Tosh,1,standing,standing,0
1089,2019-12-12 14:23:39.250,Tosh,1,standing,sitting,1
1090,2019-12-12 14:23:39.250,Tosh,1,standing,sitting,1
1091,2019-12-12 14:23:39.250,Tosh,1,standing,standing,0
1092,2019-12-12 14:23:39.250,Tosh,1,standing,standing,0
1093,2019-12-12 14:23:39.250,Tosh,1,standing,standing,0
1094,2019-12-12 14:23:39.250,Tosh,1,standing,standing,0
1095,2019-12-12 14:23:39.250,Tosh,1,standing,standing,0
1096,2019-12-12 14:23:39.250,Tosh,1,standing,walking,1
1097,2019-12-12 14:23:39.250,Tosh,1,standing,walking,1
1098,2019-12-12 14:23:39.250,Tosh,1,standing,standing,0
1099,2019-12-12 14:23:39.250,Tosh,1,standing,standing,0
1100,2019-12-12 14:23:39.250,Tosh,1,standing,standing,0
1101,2019-12-12 14:23:39.250,Tosh,1,standing,standing,0
1102,2019-12-12 14:23:39.250,Tosh,1,standing,standing,0
1103,2019-12-12 14:23:39.250,Tosh,1,standing,standing,0
1104,2019-12-12 14:23:39.250,Tosh,1,standing,standing,0
1105,2019-12-12 14:23:39.250,Tosh,1,standing,standing,0
1106,2019-12-12 14:23:39.250,Tosh,1,standing,standing,0
1107,2019-12-12 14:23:39.250,Tosh,1,standing,standing,0
1108,2019-12-12 14:23:39.250,Tosh,1,standing,standing,0
1109,2019-12-12 14:23:39.250,Tosh,1,standing,standing,0
1110,2019-12-12 14:23:39.250,Tosh,1,standing,standing,0
1111,2019-12-12 14:23:39.250,Tosh,1,standing,standing,0
1112,2019-12-12 14:23:39.250,Tosh,1,standing,standing,0
1113,2019-12-12 14:23:39.250,Tosh,1,standing,standing,0
1114,2019-12-12 14:23:39.250,Tosh,1,standing,standing,0
1115,2019-12-12 14:23:39.250,Tosh,1,standing,standing,0
1116,2019-12-12 14:23:39.250,Tosh,1,standing,standing,0
1117,2019-12-12 14:23:39.250,Tosh,1,standing,standing,0
1118,2019-12-12 14:23:39.250,Tosh,1,standing,standing,0
1119,2019-12-12 14:23:39.250,Tosh,1,standing,standing,0
1120,2019-12-12 14:23:39.250,Tosh,1,standing,standing,0
1121,2019-12-12 14:23:39.250,Tosh,1,standing,standing,0
1122,2019-12-12 14:23:39.250,Tosh,1,standing,standing,0
1123,2019-12-12 14:23:39.250,Tosh,1,standing,standing,0
1124,2019-12-12 14:23:39.250,Tosh,1,standing,standing,0
1125,2019-12-12 14:23:39.250,Tosh,1,standing,standing,0
1126,2019-12-12 14:23:39.250,Tosh,1,standing,standing,0
1127,2019-12-12 14:23:39.250,Tosh,1,standing,standing,0
1128,2019-12-12 14:23:39.250,Tosh,1,standing,standing,0
1129,2019-12-12 14:23:39.250,Tosh,1,standing,standing,0
1130,2019-12-12 14:23:39.250,Tosh,1,standing,standing,0
1131,2019-12-12 14:23:39.250,Tosh,1,standing,standing,0
1132,2019-12-12 14:23:39.250,Tosh,1,standing,standing,0
1133,2019-12-12 14:23:39.250,Tosh,1,standing,standing,0
1134,2019-12-12 14:23:39.250,Tosh,1,standing,standing,0
1135,2019-12-12 14:23:39.250,Tosh,1,standing,standing,0
1136,2019-12-12 14:23:39.250,Tosh,1,standing,standing,0
1137,2019-12-12 14:23:39.250,Tosh,1,standing,standing,0
1138,2019-12-12 14:23:39.250,Tosh,1,standing,standing,0
1139,2019-12-12 14:23:39.250,Tosh,1,standing,standing,0
1140,2019-12-12 14:23:39.250,Tosh,1,standing,standing,0
1141,2019-12-12 14:23:39.250,Tosh,1,standing,standing,0
1142,2019-12-12 14:23:39.250,Tosh,1,standing,standing,0
1143,2019-12-12 14:23:39.250,Tosh,1,standing,standing,0
1144,2019-12-12 14:23:39.250,Tosh,1,standing,standing,0
1145,2019-12-12 14:23:39.250,Tosh,1,standing,standing,0
1146,2019-12-12 14:23:39.250,Tosh,1,standing,standing,0
1147,2019-12-12 14:23:39.250,Tosh,1,standing,standing,0
1148,2019-12-12 14:23:39.250,Tosh,1,standing,standing,0
1149,2019-12-12 14:23:39.250,Tosh,1,standing,standing,0
1150,2019-12-12 14:23:39.250,Tosh,1,standing,standing,0
1151,2019-12-12 14:23:39.250,Tosh,1,standing,standing,0
1152,2019-12-12 14:23:39.250,Tosh,1,standing,standing,0
1153,2019-12-12 14:23:39.250,Tosh,1,standing,standing,0
1154,2019-12-12 14:23:39.250,Tosh,1,standing,standing,0
1155,2019-12-12 14:23:39.250,Tosh,1,standing,standing,0
1156,2019-12-12 14:24:54.250,Tosh,1,walking,walking,0
1157,2019-12-12 14:24:54.250,Tosh,1,walking,walking,0
1158,2019-12-12 14:24:54.250,Tosh,1,walking,walking,0
1159,2019-12-12 14:24:54.250,Tosh,1,walking,walking,0
1160,2019-12-12 14:24:57.250,Tosh,1,standing,standing,0
1161,2019-12-12 14:24:57.250,Tosh,1,standing,standing,0
1162,2019-12-12 14:24:57.250,Tosh,1,standing,standing,0
1163,2019-12-12 14:24:57.250,Tosh,1,standing,standing,0
1164,2019-12-12 14:24:57.250,Tosh,1,standing,standing,0
1165,2019-12-12 14:24:57.250,Tosh,1,standing,standing,0
1166,2019-12-12 14:25:03.250,Tosh,1,body shake,body shake,0
1167,2019-12-12 14:25:03.250,Tosh,1,body shake,body shake,0
1168,2019-12-12 14:25:05.250,Tosh,1,standing,standing,0
1169,2019-12-12 14:25:05.250,Tosh,1,standing,standing,0
1170,2019-12-12 14:25:05.250,Tosh,1,standing,standing,0
1171,2019-12-12 14:25:05.250,Tosh,1,standing,standing,0
1172,2019-12-12 14:25:05.250,Tosh,1,standing,standing,0
1173,2019-12-12 14:25:05.250,Tosh,1,standing,standing,0
1174,2019-12-12 14:25:05.250,Tosh,1,standing,standing,0
1175,2019-12-12 14:25:05.250,Tosh,1,standing,standing,0
1176,2019-12-12 14:25:05.250,Tosh,1,standing,standing,0
1177,2019-12-12 14:25:05.250,Tosh,1,standing,standing,0
1178,2019-12-12 14:25:05.250,Tosh,1,standing,standing,0
1179,2019-12-12 14:25:05.250,Tosh,1,standing,standing,0
1180,2019-12-12 14:25:21.250,Tosh,1,walking,walking,0
1181,2019-12-12 14:25:21.250,Tosh,1,walking,walking,0
1182,2019-12-12 14:25:21.250,Tosh,1,walking,walking,0
1183,2019-12-12 14:25:21.250,Tosh,1,walking,walking,0
1184,2019-12-12 14:25:21.250,Tosh,1,walking,walking,0
1185,2019-12-12 14:25:21.250,Tosh,1,walking,walking,0
1186,2019-12-12 14:25:21.250,Tosh,1,walking,walking,0
1187,2019-12-12 14:25:21.250,Tosh,1,walking,walking,0
1188,2019-12-12 14:25:30.250,Tosh,1,walking,walking,0
1189,2019-12-12 14:25:30.250,Tosh,1,walking,walking,0
1190,2019-12-12 14:25:30.250,Tosh,1,walking,walking,0
1191,2019-12-12 14:25:30.250,Tosh,1,walking,walking,0
1192,2019-12-12 14:25:30.250,Tosh,1,walking,walking,0
1193,2019-12-12 14:25:30.250,Tosh,1,walking,walking,0
1194,2019-12-12 14:25:30.250,Tosh,1,walking,walking,0
1195,2019-12-12 14:25:30.250,Tosh,1,walking,walking,0
1196,2019-12-12 14:25:30.250,Tosh,1,walking,walking,0
1197,2019-12-12 14:25:30.250,Tosh,1,walking,walking,0
1198,2019-12-12 14:25:30.250,Tosh,1,walking,walking,0
1199,2019-12-12 14:25:30.250,Tosh,1,walking,walking,0
1200,2019-12-12 14:25:30.250,Tosh,1,walking,walking,0
1201,2019-12-12 14:25:30.250,Tosh,1,walking,walking,0
1202,2019-12-12 14:25:30.250,Tosh,1,walking,walking,0
1203,2019-12-12 14:25:30.250,Tosh,1,walking,walking,0
1204,2019-12-12 14:25:30.250,Tosh,1,walking,standing,1
1205,2019-12-12 14:25:30.250,Tosh,1,walking,standing,1
1206,2019-12-12 14:25:40.250,Tosh,1,standing,standing,0
1207,2019-12-12 14:25:40.250,Tosh,1,standing,standing,0
1208,2019-12-12 14:25:40.250,Tosh,1,standing,standing,0
1209,2019-12-12 14:25:40.250,Tosh,1,standing,standing,0
1210,2019-12-12 14:25:40.250,Tosh,1,standing,standing,0
1211,2019-12-12 14:25:40.250,Tosh,1,standing,standing,0
1212,2019-12-12 14:25:44.250,Tosh,1,walking,walking,0
1213,2019-12-12 14:25:44.250,Tosh,1,walking,walking,0
1214,2019-12-12 14:25:44.250,Tosh,1,walking,walking,0
1215,2019-12-12 14:25:44.250,Tosh,1,walking,walking,0
1216,2019-12-12 14:25:44.250,Tosh,1,walking,walking,0
1217,2019-12-12 14:25:44.250,Tosh,1,walking,walking,0
1218,2019-12-12 14:26:10.250,Tosh,1,walking,walking,0
1219,2019-12-12 14:26:10.250,Tosh,1,walking,walking,0
1220,2019-12-12 14:26:10.250,Tosh,1,walking,walking,0
1221,2019-12-12 14:26:10.250,Tosh,1,walking,walking,0
1222,2019-12-12 14:26:10.250,Tosh,1,walking,walking,0
1223,2019-12-12 14:26:10.250,Tosh,1,walking,walking,0
1224,2019-12-12 14:26:10.250,Tosh,1,walking,walking,0
1225,2019-12-12 14:26:10.250,Tosh,1,walking,walking,0
1226,2019-12-12 14:26:10.250,Tosh,1,walking,walking,0
1227,2019-12-12 14:26:10.250,Tosh,1,walking,walking,0
1228,2019-12-12 14:26:10.250,Tosh,1,walking,walking,0
1229,2019-12-12 14:26:10.250,Tosh,1,walking,walking,0
1230,2019-12-12 14:26:10.250,Tosh,1,walking,walking,0
1231,2019-12-12 14:26:10.250,Tosh,1,walking,walking,0
1232,2019-12-12 14:26:10.250,Tosh,1,walking,walking,0
1233,2019-12-12 14:26:10.250,Tosh,1,walking,walking,0
1234,2019-12-12 14:26:10.250,Tosh,1,walking,standing,1
1235,2019-12-12 14:26:10.250,Tosh,1,walking,standing,1
1236,2019-12-12 14:26:10.250,Tosh,1,walking,standing,1
1237,2019-12-12 14:26:10.250,Tosh,1,walking,standing,1
1238,2019-12-12 14:26:10.250,Tosh,1,walking,walking,0
1239,2019-12-12 14:26:10.250,Tosh,1,walking,walking,0
1240,2019-12-12 14:26:10.250,Tosh,1,walking,walking,0
1241,2019-12-12 14:26:10.250,Tosh,1,walking,walking,0
1242,2019-12-12 14:26:10.250,Tosh,1,walking,walking,0
1243,2019-12-12 14:26:10.250,Tosh,1,walking,walking,0
1244,2019-12-12 14:26:10.250,Tosh,1,walking,walking,0
1245,2019-12-12 14:26:10.250,Tosh,1,walking,walking,0
1246,2019-12-12 14:26:10.250,Tosh,1,walking,walking,0
1247,2019-12-12 14:26:10.250,Tosh,1,walking,walking,0
1248,2019-12-12 14:26:41.250,Tosh,1,standing,standing,0
1249,2019-12-12 14:26:41.250,Tosh,1,standing,standing,0
1250,2019-12-12 14:26:41.250,Tosh,1,standing,standing,0
1251,2019-12-12 14:26:41.250,Tosh,1,standing,standing,0
1252,2019-12-12 14:26:44.250,Tosh,1,walking,walking,0
1253,2019-12-12 14:26:44.250,Tosh,1,walking,walking,0
1254,2019-12-12 14:26:44.250,Tosh,1,walking,walking,0
1255,2019-12-12 14:26:44.250,Tosh,1,walking,walking,0
1256,2019-12-12 14:26:44.250,Tosh,1,walking,walking,0
1257,2019-12-12 14:26:44.250,Tosh,1,walking,walking,0
1258,2019-12-12 14:26:44.250,Tosh,1,walking,walking,0
1259,2019-12-12 14:26:44.250,Tosh,1,walking,walking,0
1260,2019-12-12 14:26:44.250,Tosh,1,walking,walking,0
1261,2019-12-12 14:26:44.250,Tosh,1,walking,standing,1
1262,2019-12-12 14:26:50.250,Tosh,1,standing,standing,0
1263,2019-12-12 14:26:50.250,Tosh,1,standing,standing,0
1264,2019-12-12 14:26:50.250,Tosh,1,standing,standing,0
1265,2019-12-12 14:26:50.250,Tosh,1,standing,standing,0
1266,2019-12-12 14:26:50.250,Tosh,1,standing,standing,0
1267,2019-12-12 14:26:50.250,Tosh,1,standing,standing,0
1268,2019-12-12 14:26:54.250,Tosh,1,walking,walking,0
1269,2019-12-12 14:26:54.250,Tosh,1,walking,walking,0
1270,2019-12-12 14:26:58.250,Tosh,1,walking,walking,0
1271,2019-12-12 14:26:58.250,Tosh,1,walking,walking,0
1272,2019-12-12 14:26:58.250,Tosh,1,walking,walking,0
1273,2019-12-12 14:26:58.250,Tosh,1,walking,walking,0
1274,2019-12-12 14:27:01.250,Tosh,1,standing,standing,0
1275,2019-12-12 14:27:01.250,Tosh,1,standing,standing,0
1276,2019-12-12 14:27:09.250,Tosh,1,standing,standing,0
1277,2019-12-12 14:27:09.250,Tosh,1,standing,standing,0
1278,2019-12-12 14:27:09.250,Tosh,1,standing,standing,0
1279,2019-12-12 14:27:09.250,Tosh,1,standing,standing,0
1280,2019-12-12 14:27:09.250,Tosh,1,standing,standing,0
1281,2019-12-12 14:27:09.250,Tosh,1,standing,standing,0
