,Timestamp,Dog,DC,Position,Predicted_1,Error_1,Predicted_2,Error_2,Predicted_3,Error_3
0,12/12/2019 14:13:30,Tosh,1,standing,standing,0,standing,0,standing,0
1,12/12/2019 14:13:30,Tosh,1,standing,standing,0,standing,0,standing,0
2,12/12/2019 14:13:30,Tosh,1,standing,standing,0,standing,0,standing,0
3,12/12/2019 14:13:30,Tosh,1,standing,standing,0,standing,0,standing,0
4,12/12/2019 14:13:30,Tosh,1,standing,standing,0,standing,0,standing,0
5,12/12/2019 14:13:30,Tosh,1,standing,standing,0,standing,0,standing,0
6,12/12/2019 14:13:30,Tosh,1,standing,standing,0,standing,0,standing,0
7,12/12/2019 14:13:30,Tosh,1,standing,standing,0,standing,0,standing,0
8,12/12/2019 14:13:30,Tosh,1,standing,standing,0,standing,0,standing,0
9,12/12/2019 14:13:30,Tosh,1,standing,standing,0,standing,0,standing,0
10,12/12/2019 14:13:30,Tosh,1,standing,standing,0,standing,0,standing,0
11,12/12/2019 14:13:30,Tosh,1,standing,standing,0,standing,0,standing,0
12,12/12/2019 14:13:30,Tosh,1,standing,standing,0,standing,0,standing,0
13,12/12/2019 14:13:30,Tosh,1,standing,standing,0,standing,0,standing,0
14,12/12/2019 14:13:30,Tosh,1,standing,standing,0,standing,0,standing,0
15,12/12/2019 14:13:30,Tosh,1,standing,standing,0,standing,0,standing,0
16,12/12/2019 14:13:30,Tosh,1,standing,standing,0,standing,0,standing,0
17,12/12/2019 14:13:30,Tosh,1,standing,standing,0,standing,0,standing,0
18,12/12/2019 14:13:30,Tosh,1,standing,standing,0,standing,0,standing,0
19,12/12/2019 14:13:30,Tosh,1,standing,walking,1,walking,1,walking,1
20,12/12/2019 14:13:53,Tosh,1,walking,walking,0,walking,0,walking,0
21,12/12/2019 14:13:53,Tosh,1,walking,walking,0,walking,0,walking,0
22,12/12/2019 14:13:53,Tosh,1,walking,standing,1,walking,0,walking,0
23,12/12/2019 14:13:53,Tosh,1,walking,standing,1,standing,1,standing,1
24,12/12/2019 14:13:53,Tosh,1,walking,standing,1,standing,1,standing,1
25,12/12/2019 14:13:53,Tosh,1,walking,standing,1,standing,1,standing,1
26,12/12/2019 14:13:53,Tosh,1,walking,standing,1,standing,1,standing,1
27,12/12/2019 14:13:53,Tosh,1,walking,standing,1,standing,1,standing,1
28,12/12/2019 14:13:53,Tosh,1,walking,standing,1,standing,1,standing,1
29,12/12/2019 14:13:53,Tosh,1,walking,standing,1,standing,1,standing,1
30,12/12/2019 14:13:53,Tosh,1,walking,standing,1,standing,1,standing,1
31,12/12/2019 14:13:53,Tosh,1,walking,standing,1,standing,1,standing,1
32,12/12/2019 14:13:53,Tosh,1,walking,standing,1,standing,1,standing,1
33,12/12/2019 14:13:53,Tosh,1,walking,standing,1,standing,1,standing,1
34,12/12/2019 14:13:53,Tosh,1,walking,standing,1,standing,1,standing,1
35,12/12/2019 14:13:53,Tosh,1,walking,standing,1,standing,1,standing,1
36,12/12/2019 14:13:53,Tosh,1,walking,standing,1,standing,1,standing,1
37,12/12/2019 14:13:53,Tosh,1,walking,walking,0,walking,0,walking,0
38,12/12/2019 14:13:53,Tosh,1,walking,standing,1,walking,0,standing,1
39,12/12/2019 14:13:53,Tosh,1,walking,standing,1,standing,1,standing,1
40,12/12/2019 14:13:53,Tosh,1,walking,walking,0,walking,0,walking,0
41,12/12/2019 14:13:53,Tosh,1,walking,walking,0,walking,0,walking,0
42,12/12/2019 14:13:53,Tosh,1,walking,standing,1,walking,0,standing,1
43,12/12/2019 14:13:53,Tosh,1,walking,sitting,1,standing,1,standing,1
44,12/12/2019 14:13:53,Tosh,1,walking,standing,1,standing,1,standing,1
45,12/12/2019 14:13:53,Tosh,1,walking,sitting,1,standing,1,standing,1
46,12/12/2019 14:13:53,Tosh,1,walking,standing,1,standing,1,walking,0
47,12/12/2019 14:13:53,Tosh,1,walking,standing,1,standing,1,standing,1
48,12/12/2019 14:13:53,Tosh,1,walking,standing,1,standing,1,standing,1
49,12/12/2019 14:13:53,Tosh,1,walking,standing,1,standing,1,standing,1
50,12/12/2019 14:13:53,Tosh,1,walking,standing,1,standing,1,standing,1
51,12/12/2019 14:13:53,Tosh,1,walking,standing,1,standing,1,standing,1
52,12/12/2019 14:13:53,Tosh,1,walking,standing,1,standing,1,standing,1
53,12/12/2019 14:13:53,Tosh,1,walking,standing,1,standing,1,standing,1
54,12/12/2019 14:13:53,Tosh,1,walking,standing,1,standing,1,standing,1
55,12/12/2019 14:13:53,Tosh,1,walking,walking,0,walking,0,walking,0
56,12/12/2019 14:13:53,Tosh,1,walking,walking,0,walking,0,walking,0
57,12/12/2019 14:13:53,Tosh,1,walking,walking,0,walking,0,walking,0
58,12/12/2019 14:13:53,Tosh,1,walking,walking,0,walking,0,walking,0
59,12/12/2019 14:13:53,Tosh,1,walking,walking,0,walking,0,walking,0
60,12/12/2019 14:13:53,Tosh,1,walking,walking,0,walking,0,walking,0
61,12/12/2019 14:13:53,Tosh,1,walking,walking,0,walking,0,walking,0
62,12/12/2019 14:13:53,Tosh,1,walking,walking,0,walking,0,walking,0
63,12/12/2019 14:13:53,Tosh,1,walking,walking,0,walking,0,walking,0
64,12/12/2019 14:13:53,Tosh,1,walking,walking,0,walking,0,walking,0
65,12/12/2019 14:13:53,Tosh,1,walking,walking,0,walking,0,walking,0
66,12/12/2019 14:13:53,Tosh,1,walking,walking,0,walking,0,walking,0
67,12/12/2019 14:13:53,Tosh,1,walking,walking,0,walking,0,walking,0
68,12/12/2019 14:13:53,Tosh,1,walking,walking,0,walking,0,walking,0
69,12/12/2019 14:13:53,Tosh,1,walking,walking,0,walking,0,walking,0
70,12/12/2019 14:13:53,Tosh,1,walking,walking,0,walking,0,walking,0
71,12/12/2019 14:13:53,Tosh,1,walking,walking,0,walking,0,walking,0
72,12/12/2019 14:13:53,Tosh,1,walking,walking,0,walking,0,walking,0
73,12/12/2019 14:13:53,Tosh,1,walking,walking,0,walking,0,walking,0
74,12/12/2019 14:13:53,Tosh,1,walking,walking,0,walking,0,walking,0
75,12/12/2019 14:13:53,Tosh,1,walking,walking,0,walking,0,walking,0
76,12/12/2019 14:13:53,Tosh,1,walking,walking,0,walking,0,walking,0
77,12/12/2019 14:13:53,Tosh,1,walking,walking,0,walking,0,walking,0
78,12/12/2019 14:13:53,Tosh,1,walking,walking,0,walking,0,walking,0
79,12/12/2019 14:13:53,Tosh,1,walking,walking,0,walking,0,walking,0
80,12/12/2019 14:13:53,Tosh,1,walking,body shake,1,body shake,1,body shake,1
81,12/12/2019 14:13:53,Tosh,1,walking,body shake,1,body shake,1,body shake,1
82,12/12/2019 14:13:53,Tosh,1,walking,walking,0,body shake,1,body shake,1
83,12/12/2019 14:13:53,Tosh,1,walking,walking,0,body shake,1,body shake,1
84,12/12/2019 14:13:53,Tosh,1,walking,walking,0,walking,0,body shake,1
85,12/12/2019 14:13:53,Tosh,1,walking,walking,0,walking,0,walking,0
86,12/12/2019 14:13:53,Tosh,1,walking,walking,0,walking,0,walking,0
87,12/12/2019 14:13:53,Tosh,1,walking,walking,0,walking,0,walking,0
88,12/12/2019 14:13:53,Tosh,1,walking,walking,0,walking,0,walking,0
89,12/12/2019 14:13:53,Tosh,1,walking,walking,0,walking,0,walking,0
90,12/12/2019 14:13:53,Tosh,1,walking,walking,0,walking,0,walking,0
91,12/12/2019 14:13:53,Tosh,1,walking,walking,0,walking,0,walking,0
92,12/12/2019 14:13:53,Tosh,1,walking,walking,0,walking,0,walking,0
93,12/12/2019 14:13:53,Tosh,1,walking,walking,0,walking,0,walking,0
94,12/12/2019 14:13:53,Tosh,1,walking,walking,0,walking,0,walking,0
95,12/12/2019 14:13:53,Tosh,1,walking,walking,0,walking,0,walking,0
96,12/12/2019 14:13:53,Tosh,1,walking,walking,0,walking,0,walking,0
97,12/12/2019 14:13:53,Tosh,1,walking,walking,0,walking,0,walking,0
98,12/12/2019 14:13:53,Tosh,1,walking,walking,0,walking,0,walking,0
99,12/12/2019 14:13:53,Tosh,1,walking,walking,0,walking,0,walking,0
100,12/12/2019 14:13:53,Tosh,1,walking,walking,0,walking,0,walking,0
101,12/12/2019 14:13:53,Tosh,1,walking,walking,0,walking,0,walking,0
102,12/12/2019 14:13:53,Tosh,1,walking,walking,0,walking,0,walking,0
103,12/12/2019 14:13:53,Tosh,1,walking,walking,0,walking,0,walking,0
104,12/12/2019 14:13:53,Tosh,1,walking,walking,0,walking,0,walking,0
105,12/12/2019 14:13:53,Tosh,1,walking,walking,0,walking,0,walking,0
106,12/12/2019 14:13:53,Tosh,1,walking,sitting,1,standing,1,sitting,1
107,12/12/2019 14:13:53,Tosh,1,walking,standing,1,standing,1,walking,0
108,12/12/2019 14:13:53,Tosh,1,walking,walking,0,standing,1,walking,0
109,12/12/2019 14:13:53,Tosh,1,walking,standing,1,standing,1,walking,0
110,12/12/2019 14:13:53,Tosh,1,walking,walking,0,walking,0,walking,0
111,12/12/2019 14:13:53,Tosh,1,walking,walking,0,walking,0,walking,0
112,12/12/2019 14:13:53,Tosh,1,walking,walking,0,walking,0,walking,0
113,12/12/2019 14:13:53,Tosh,1,walking,walking,0,walking,0,walking,0
114,12/12/2019 14:13:53,Tosh,1,walking,walking,0,walking,0,walking,0
115,12/12/2019 14:13:53,Tosh,1,walking,walking,0,walking,0,walking,0
116,12/12/2019 14:13:53,Tosh,1,walking,walking,0,walking,0,walking,0
117,12/12/2019 14:13:53,Tosh,1,walking,walking,0,walking,0,walking,0
118,12/12/2019 14:13:53,Tosh,1,walking,walking,0,walking,0,walking,0
119,12/12/2019 14:13:53,Tosh,1,walking,walking,0,walking,0,walking,0
120,12/12/2019 14:13:53,Tosh,1,walking,walking,0,walking,0,walking,0
121,12/12/2019 14:13:53,Tosh,1,walking,walking,0,walking,0,walking,0
122,12/12/2019 14:13:53,Tosh,1,walking,walking,0,walking,0,walking,0
123,12/12/2019 14:13:53,Tosh,1,walking,walking,0,walking,0,walking,0
124,12/12/2019 14:13:53,Tosh,1,walking,walking,0,walking,0,walking,0
125,12/12/2019 14:13:53,Tosh,1,walking,walking,0,walking,0,walking,0
126,12/12/2019 14:13:53,Tosh,1,walking,walking,0,walking,0,walking,0
127,12/12/2019 14:13:53,Tosh,1,walking,walking,0,walking,0,walking,0
128,12/12/2019 14:13:53,Tosh,1,walking,walking,0,walking,0,walking,0
129,12/12/2019 14:13:53,Tosh,1,walking,walking,0,walking,0,walking,0
130,12/12/2019 14:14:49,Tosh,1,standing,standing,0,standing,0,standing,0
131,12/12/2019 14:14:49,Tosh,1,standing,standing,0,standing,0,standing,0
132,12/12/2019 14:14:49,Tosh,1,standing,standing,0,standing,0,standing,0
133,12/12/2019 14:14:49,Tosh,1,standing,walking,1,walking,1,walking,1
134,12/12/2019 14:14:52,Tosh,1,walking,walking,0,walking,0,walking,0
135,12/12/2019 14:14:52,Tosh,1,walking,walking,0,walking,0,walking,0
136,12/12/2019 14:14:52,Tosh,1,walking,walking,0,walking,0,walking,0
137,12/12/2019 14:14:52,Tosh,1,walking,walking,0,walking,0,walking,0
138,12/12/2019 14:14:52,Tosh,1,walking,walking,0,walking,0,walking,0
139,12/12/2019 14:14:52,Tosh,1,walking,walking,0,walking,0,walking,0
140,12/12/2019 14:14:52,Tosh,1,walking,walking,0,walking,0,walking,0
141,12/12/2019 14:14:52,Tosh,1,walking,walking,0,walking,0,walking,0
142,12/12/2019 14:14:52,Tosh,1,walking,walking,0,walking,0,walking,0
143,12/12/2019 14:14:52,Tosh,1,walking,walking,0,walking,0,walking,0
144,12/12/2019 14:14:52,Tosh,1,walking,walking,0,walking,0,walking,0
145,12/12/2019 14:14:52,Tosh,1,walking,walking,0,walking,0,walking,0
146,12/12/2019 14:14:52,Tosh,1,walking,walking,0,walking,0,walking,0
147,12/12/2019 14:14:52,Tosh,1,walking,walking,0,walking,0,walking,0
148,12/12/2019 14:14:52,Tosh,1,walking,walking,0,walking,0,walking,0
149,12/12/2019 14:14:52,Tosh,1,walking,walking,0,walking,0,walking,0
150,12/12/2019 14:14:52,Tosh,1,walking,walking,0,walking,0,walking,0
151,12/12/2019 14:14:52,Tosh,1,walking,walking,0,walking,0,walking,0
152,12/12/2019 14:14:52,Tosh,1,walking,walking,0,walking,0,walking,0
153,12/12/2019 14:14:52,Tosh,1,walking,walking,0,walking,0,walking,0
154,12/12/2019 14:14:52,Tosh,1,walking,walking,0,walking,0,walking,0
155,12/12/2019 14:14:52,Tosh,1,walking,walking,0,walking,0,walking,0
156,12/12/2019 14:14:52,Tosh,1,walking,walking,0,walking,0,walking,0
157,12/12/2019 14:14:52,Tosh,1,walking,walking,0,walking,0,walking,0
158,12/12/2019 14:14:52,Tosh,1,walking,walking,0,walking,0,walking,0
159,12/12/2019 14:14:52,Tosh,1,walking,walking,0,walking,0,walking,0
160,12/12/2019 14:14:52,Tosh,1,walking,walking,0,walking,0,walking,0
161,12/12/2019 14:14:52,Tosh,1,walking,walking,0,walking,0,walking,0
162,12/12/2019 14:14:52,Tosh,1,walking,walking,0,walking,0,walking,0
163,12/12/2019 14:14:52,Tosh,1,walking,walking,0,walking,0,walking,0
164,12/12/2019 14:14:52,Tosh,1,walking,walking,0,walking,0,walking,0
165,12/12/2019 14:14:52,Tosh,1,walking,walking,0,walking,0,walking,0
166,12/12/2019 14:14:52,Tosh,1,walking,walking,0,walking,0,walking,0
167,12/12/2019 14:14:52,Tosh,1,walking,walking,0,walking,0,walking,0
168,12/12/2019 14:14:52,Tosh,1,walking,walking,0,walking,0,walking,0
169,12/12/2019 14:14:52,Tosh,1,walking,walking,0,walking,0,walking,0
170,12/12/2019 14:14:52,Tosh,1,walking,walking,0,walking,0,walking,0
171,12/12/2019 14:14:52,Tosh,1,walking,walking,0,walking,0,walking,0
172,12/12/2019 14:14:52,Tosh,1,walking,walking,0,walking,0,walking,0
173,12/12/2019 14:14:52,Tosh,1,walking,walking,0,walking,0,walking,0
174,12/12/2019 14:14:52,Tosh,1,walking,walking,0,walking,0,walking,0
175,12/12/2019 14:14:52,Tosh,1,walking,walking,0,walking,0,walking,0
176,12/12/2019 14:14:52,Tosh,1,walking,walking,0,walking,0,walking,0
177,12/12/2019 14:14:52,Tosh,1,walking,walking,0,walking,0,walking,0
178,12/12/2019 14:14:52,Tosh,1,walking,walking,0,walking,0,walking,0
179,12/12/2019 14:14:52,Tosh,1,walking,walking,0,walking,0,walking,0
180,12/12/2019 14:14:52,Tosh,1,walking,walking,0,walking,0,walking,0
181,12/12/2019 14:14:52,Tosh,1,walking,walking,0,walking,0,walking,0
182,12/12/2019 14:14:52,Tosh,1,walking,walking,0,walking,0,walking,0
183,12/12/2019 14:14:52,Tosh,1,walking,walking,0,walking,0,walking,0
184,12/12/2019 14:14:52,Tosh,1,walking,walking,0,walking,0,walking,0
185,12/12/2019 14:14:52,Tosh,1,walking,walking,0,walking,0,walking,0
186,12/12/2019 14:14:52,Tosh,1,walking,walking,0,walking,0,walking,0
187,12/12/2019 14:14:52,Tosh,1,walking,walking,0,walking,0,walking,0
188,12/12/2019 14:14:52,Tosh,1,walking,walking,0,walking,0,walking,0
189,12/12/2019 14:14:52,Tosh,1,walking,walking,0,walking,0,walking,0
190,12/12/2019 14:14:52,Tosh,1,walking,walking,0,walking,0,walking,0
191,12/12/2019 14:14:52,Tosh,1,walking,walking,0,walking,0,walking,0
192,12/12/2019 14:14:52,Tosh,1,walking,walking,0,walking,0,walking,0
193,12/12/2019 14:14:52,Tosh,1,walking,walking,0,walking,0,walking,0
194,12/12/2019 14:14:52,Tosh,1,walking,walking,0,walking,0,walking,0
195,12/12/2019 14:14:52,Tosh,1,walking,walking,0,walking,0,walking,0
196,12/12/2019 14:14:52,Tosh,1,walking,walking,0,walking,0,walking,0
197,12/12/2019 14:14:52,Tosh,1,walking,walking,0,walking,0,walking,0
198,12/12/2019 14:14:52,Tosh,1,walking,walking,0,walking,0,walking,0
199,12/12/2019 14:14:52,Tosh,1,walking,walking,0,walking,0,walking,0
200,12/12/2019 14:14:52,Tosh,1,walking,walking,0,walking,0,walking,0
201,12/12/2019 14:14:52,Tosh,1,walking,walking,0,walking,0,walking,0
202,12/12/2019 14:14:52,Tosh,1,walking,walking,0,walking,0,walking,0
203,12/12/2019 14:14:52,Tosh,1,walking,walking,0,walking,0,walking,0
204,12/12/2019 14:14:52,Tosh,1,walking,walking,0,walking,0,walking,0
205,12/12/2019 14:14:52,Tosh,1,walking,walking,0,walking,0,walking,0
206,12/12/2019 14:14:52,Tosh,1,walking,walking,0,walking,0,walking,0
207,12/12/2019 14:14:52,Tosh,1,walking,walking,0,walking,0,walking,0
208,12/12/2019 14:14:52,Tosh,1,walking,walking,0,walking,0,walking,0
209,12/12/2019 14:14:52,Tosh,1,walking,walking,0,walking,0,walking,0
210,12/12/2019 14:14:52,Tosh,1,walking,walking,0,walking,0,walking,0
211,12/12/2019 14:14:52,Tosh,1,walking,walking,0,walking,0,walking,0
212,12/12/2019 14:14:52,Tosh,1,walking,walking,0,walking,0,walking,0
213,12/12/2019 14:14:52,Tosh,1,walking,walking,0,walking,0,walking,0
214,12/12/2019 14:14:52,Tosh,1,walking,walking,0,walking,0,walking,0
215,12/12/2019 14:14:52,Tosh,1,walking,walking,0,walking,0,walking,0
216,12/12/2019 14:15:34,Tosh,1,standing,walking,1,walking,1,walking,1
217,12/12/2019 14:15:34,Tosh,1,standing,standing,0,standing,0,standing,0
218,12/12/2019 14:15:34,Tosh,1,standing,standing,0,standing,0,standing,0
219,12/12/2019 14:15:34,Tosh,1,standing,standing,0,standing,0,standing,0
220,12/12/2019 14:15:34,Tosh,1,standing,standing,0,standing,0,standing,0
221,12/12/2019 14:15:34,Tosh,1,standing,standing,0,standing,0,standing,0
222,12/12/2019 14:15:34,Tosh,1,standing,standing,0,standing,0,standing,0
223,12/12/2019 14:15:34,Tosh,1,standing,standing,0,standing,0,standing,0
224,12/12/2019 14:15:34,Tosh,1,standing,standing,0,standing,0,standing,0
225,12/12/2019 14:15:34,Tosh,1,standing,standing,0,standing,0,standing,0
226,12/12/2019 14:15:34,Tosh,1,standing,standing,0,standing,0,standing,0
227,12/12/2019 14:15:34,Tosh,1,standing,standing,0,standing,0,standing,0
228,12/12/2019 14:15:34,Tosh,1,standing,standing,0,standing,0,standing,0
229,12/12/2019 14:15:34,Tosh,1,standing,standing,0,standing,0,standing,0
230,12/12/2019 14:15:34,Tosh,1,standing,standing,0,standing,0,standing,0
231,12/12/2019 14:15:34,Tosh,1,standing,standing,0,standing,0,standing,0
232,12/12/2019 14:15:34,Tosh,1,standing,standing,0,standing,0,standing,0
233,12/12/2019 14:15:34,Tosh,1,standing,standing,0,standing,0,standing,0
234,12/12/2019 14:15:34,Tosh,1,standing,standing,0,standing,0,standing,0
235,12/12/2019 14:15:34,Tosh,1,standing,standing,0,standing,0,standing,0
236,12/12/2019 14:15:34,Tosh,1,standing,standing,0,standing,0,standing,0
237,12/12/2019 14:15:34,Tosh,1,standing,standing,0,standing,0,standing,0
238,12/12/2019 14:15:34,Tosh,1,standing,standing,0,standing,0,standing,0
239,12/12/2019 14:15:34,Tosh,1,standing,standing,0,standing,0,standing,0
240,12/12/2019 14:15:34,Tosh,1,standing,standing,0,standing,0,standing,0
241,12/12/2019 14:15:34,Tosh,1,standing,standing,0,standing,0,standing,0
242,12/12/2019 14:15:34,Tosh,1,standing,standing,0,standing,0,standing,0
243,12/12/2019 14:15:34,Tosh,1,standing,standing,0,standing,0,standing,0
244,12/12/2019 14:15:34,Tosh,1,standing,standing,0,standing,0,standing,0
245,12/12/2019 14:15:34,Tosh,1,standing,standing,0,standing,0,standing,0
246,12/12/2019 14:15:34,Tosh,1,standing,standing,0,standing,0,standing,0
247,12/12/2019 14:15:34,Tosh,1,standing,standing,0,standing,0,standing,0
248,12/12/2019 14:15:34,Tosh,1,standing,standing,0,standing,0,standing,0
249,12/12/2019 14:15:34,Tosh,1,standing,standing,0,standing,0,standing,0
250,12/12/2019 14:15:34,Tosh,1,standing,standing,0,standing,0,standing,0
251,12/12/2019 14:15:34,Tosh,1,standing,standing,0,standing,0,standing,0
252,12/12/2019 14:15:34,Tosh,1,standing,standing,0,standing,0,standing,0
253,12/12/2019 14:15:34,Tosh,1,standing,standing,0,standing,0,standing,0
254,12/12/2019 14:15:34,Tosh,1,standing,standing,0,standing,0,standing,0
255,12/12/2019 14:15:34,Tosh,1,standing,standing,0,standing,0,standing,0
256,12/12/2019 14:15:34,Tosh,1,standing,standing,0,standing,0,standing,0
257,12/12/2019 14:15:34,Tosh,1,standing,standing,0,standing,0,standing,0
258,12/12/2019 14:15:34,Tosh,1,standing,standing,0,standing,0,standing,0
259,12/12/2019 14:15:34,Tosh,1,standing,standing,0,standing,0,standing,0
260,12/12/2019 14:15:34,Tosh,1,standing,standing,0,standing,0,standing,0
261,12/12/2019 14:15:34,Tosh,1,standing,standing,0,standing,0,standing,0
262,12/12/2019 14:15:34,Tosh,1,standing,walking,1,walking,1,standing,0
263,12/12/2019 14:15:34,Tosh,1,standing,standing,0,standing,0,standing,0
264,12/12/2019 14:15:34,Tosh,1,standing,standing,0,standing,0,standing,0
265,12/12/2019 14:15:34,Tosh,1,standing,standing,0,standing,0,standing,0
266,12/12/2019 14:15:34,Tosh,1,standing,standing,0,standing,0,standing,0
267,12/12/2019 14:15:34,Tosh,1,standing,standing,0,standing,0,standing,0
268,12/12/2019 14:15:34,Tosh,1,standing,standing,0,standing,0,standing,0
269,12/12/2019 14:15:34,Tosh,1,standing,standing,0,standing,0,standing,0
270,12/12/2019 14:15:34,Tosh,1,standing,standing,0,standing,0,standing,0
271,12/12/2019 14:15:34,Tosh,1,standing,standing,0,standing,0,standing,0
272,12/12/2019 14:15:34,Tosh,1,standing,standing,0,standing,0,standing,0
273,12/12/2019 14:15:34,Tosh,1,standing,standing,0,standing,0,standing,0
274,12/12/2019 14:15:34,Tosh,1,standing,standing,0,standing,0,standing,0
275,12/12/2019 14:15:34,Tosh,1,standing,standing,0,standing,0,standing,0
276,12/12/2019 14:15:34,Tosh,1,standing,standing,0,standing,0,standing,0
277,12/12/2019 14:15:34,Tosh,1,standing,standing,0,standing,0,standing,0
278,12/12/2019 14:15:34,Tosh,1,standing,standing,0,standing,0,standing,0
279,12/12/2019 14:15:34,Tosh,1,standing,standing,0,standing,0,standing,0
280,12/12/2019 14:15:34,Tosh,1,standing,standing,0,standing,0,standing,0
281,12/12/2019 14:15:34,Tosh,1,standing,standing,0,standing,0,standing,0
282,12/12/2019 14:15:34,Tosh,1,standing,standing,0,standing,0,standing,0
283,12/12/2019 14:15:34,Tosh,1,standing,standing,0,standing,0,standing,0
284,12/12/2019 14:15:34,Tosh,1,standing,standing,0,standing,0,standing,0
285,12/12/2019 14:15:34,Tosh,1,standing,standing,0,standing,0,standing,0
286,12/12/2019 14:15:34,Tosh,1,standing,standing,0,standing,0,standing,0
287,12/12/2019 14:15:34,Tosh,1,standing,standing,0,standing,0,standing,0
288,12/12/2019 14:15:34,Tosh,1,standing,standing,0,standing,0,standing,0
289,12/12/2019 14:15:34,Tosh,1,standing,standing,0,standing,0,standing,0
290,12/12/2019 14:15:34,Tosh,1,standing,standing,0,standing,0,standing,0
291,12/12/2019 14:15:34,Tosh,1,standing,standing,0,standing,0,standing,0
292,12/12/2019 14:15:34,Tosh,1,standing,standing,0,standing,0,standing,0
293,12/12/2019 14:15:34,Tosh,1,standing,standing,0,standing,0,standing,0
294,12/12/2019 14:15:34,Tosh,1,standing,standing,0,standing,0,standing,0
295,12/12/2019 14:15:34,Tosh,1,standing,standing,0,standing,0,standing,0
296,12/12/2019 14:15:34,Tosh,1,standing,standing,0,standing,0,standing,0
297,12/12/2019 14:15:34,Tosh,1,standing,standing,0,standing,0,standing,0
298,12/12/2019 14:15:34,Tosh,1,standing,standing,0,standing,0,standing,0
299,12/12/2019 14:15:34,Tosh,1,standing,standing,0,standing,0,standing,0
300,12/12/2019 14:15:34,Tosh,1,standing,standing,0,standing,0,standing,0
301,12/12/2019 14:15:34,Tosh,1,standing,standing,0,standing,0,standing,0
302,12/12/2019 14:15:34,Tosh,1,standing,standing,0,standing,0,standing,0
303,12/12/2019 14:15:34,Tosh,1,standing,standing,0,standing,0,standing,0
304,12/12/2019 14:15:34,Tosh,1,standing,standing,0,standing,0,standing,0
305,12/12/2019 14:15:34,Tosh,1,standing,standing,0,standing,0,standing,0
306,12/12/2019 14:15:34,Tosh,1,standing,standing,0,standing,0,standing,0
307,12/12/2019 14:15:34,Tosh,1,standing,standing,0,standing,0,standing,0
308,12/12/2019 14:15:34,Tosh,1,standing,standing,0,standing,0,standing,0
309,12/12/2019 14:15:34,Tosh,1,standing,standing,0,standing,0,standing,0
310,12/12/2019 14:15:34,Tosh,1,standing,standing,0,standing,0,standing,0
311,12/12/2019 14:15:34,Tosh,1,standing,standing,0,standing,0,standing,0
312,12/12/2019 14:15:34,Tosh,1,standing,standing,0,standing,0,standing,0
313,12/12/2019 14:15:34,Tosh,1,standing,standing,0,standing,0,standing,0
314,12/12/2019 14:15:34,Tosh,1,standing,lying down,1,standing,0,standing,0
315,12/12/2019 14:15:34,Tosh,1,standing,standing,0,standing,0,standing,0
316,12/12/2019 14:15:34,Tosh,1,standing,standing,0,standing,0,standing,0
317,12/12/2019 14:15:34,Tosh,1,standing,standing,0,standing,0,standing,0
318,12/12/2019 14:15:34,Tosh,1,standing,standing,0,standing,0,standing,0
319,12/12/2019 14:15:34,Tosh,1,standing,standing,0,standing,0,standing,0
320,12/12/2019 14:15:34,Tosh,1,standing,walking,1,walking,1,walking,1
321,12/12/2019 14:15:34,Tosh,1,standing,standing,0,standing,0,standing,0
322,12/12/2019 14:15:34,Tosh,1,standing,standing,0,standing,0,standing,0
323,12/12/2019 14:15:34,Tosh,1,standing,standing,0,standing,0,standing,0
324,12/12/2019 14:15:34,Tosh,1,standing,standing,0,standing,0,standing,0
325,12/12/2019 14:15:34,Tosh,1,standing,standing,0,standing,0,standing,0
326,12/12/2019 14:16:30,Tosh,1,sitting,sitting,0,sitting,0,sitting,0
327,12/12/2019 14:16:30,Tosh,1,sitting,sitting,0,sitting,0,sitting,0
328,12/12/2019 14:16:30,Tosh,1,sitting,sitting,0,sitting,0,sitting,0
329,12/12/2019 14:16:30,Tosh,1,sitting,sitting,0,sitting,0,sitting,0
330,12/12/2019 14:16:30,Tosh,1,sitting,sitting,0,sitting,0,sitting,0
331,12/12/2019 14:16:30,Tosh,1,sitting,sitting,0,sitting,0,sitting,0
332,12/12/2019 14:16:30,Tosh,1,sitting,sitting,0,sitting,0,sitting,0
333,12/12/2019 14:16:30,Tosh,1,sitting,sitting,0,sitting,0,sitting,0
334,12/12/2019 14:16:30,Tosh,1,sitting,sitting,0,sitting,0,sitting,0
335,12/12/2019 14:16:30,Tosh,1,sitting,sitting,0,sitting,0,sitting,0
336,12/12/2019 14:16:30,Tosh,1,sitting,sitting,0,sitting,0,sitting,0
337,12/12/2019 14:16:30,Tosh,1,sitting,sitting,0,sitting,0,sitting,0
338,12/12/2019 14:16:30,Tosh,1,sitting,sitting,0,sitting,0,sitting,0
339,12/12/2019 14:16:30,Tosh,1,sitting,sitting,0,sitting,0,sitting,0
340,12/12/2019 14:16:30,Tosh,1,sitting,sitting,0,sitting,0,sitting,0
341,12/12/2019 14:16:30,Tosh,1,sitting,sitting,0,sitting,0,sitting,0
342,12/12/2019 14:16:30,Tosh,1,sitting,sitting,0,sitting,0,sitting,0
343,12/12/2019 14:16:30,Tosh,1,sitting,sitting,0,sitting,0,sitting,0
344,12/12/2019 14:16:30,Tosh,1,sitting,sitting,0,sitting,0,sitting,0
345,12/12/2019 14:16:30,Tosh,1,sitting,sitting,0,sitting,0,sitting,0
346,12/12/2019 14:16:49,Tosh,1,sitting,sitting,0,sitting,0,sitting,0
347,12/12/2019 14:16:49,Tosh,1,sitting,sitting,0,sitting,0,sitting,0
348,12/12/2019 14:16:49,Tosh,1,sitting,sitting,0,sitting,0,sitting,0
349,12/12/2019 14:16:49,Tosh,1,sitting,sitting,0,sitting,0,sitting,0
350,12/12/2019 14:16:49,Tosh,1,sitting,sitting,0,sitting,0,sitting,0
351,12/12/2019 14:16:49,Tosh,1,sitting,sitting,0,sitting,0,sitting,0
352,12/12/2019 14:16:49,Tosh,1,sitting,sitting,0,sitting,0,sitting,0
353,12/12/2019 14:16:49,Tosh,1,sitting,sitting,0,sitting,0,sitting,0
354,12/12/2019 14:16:49,Tosh,1,sitting,sitting,0,sitting,0,sitting,0
355,12/12/2019 14:16:49,Tosh,1,sitting,sitting,0,sitting,0,sitting,0
356,12/12/2019 14:16:49,Tosh,1,sitting,sitting,0,sitting,0,sitting,0
357,12/12/2019 14:16:49,Tosh,1,sitting,sitting,0,sitting,0,sitting,0
358,12/12/2019 14:16:49,Tosh,1,sitting,sitting,0,sitting,0,sitting,0
359,12/12/2019 14:16:49,Tosh,1,sitting,sitting,0,sitting,0,sitting,0
360,12/12/2019 14:16:49,Tosh,1,sitting,sitting,0,sitting,0,sitting,0
361,12/12/2019 14:16:49,Tosh,1,sitting,sitting,0,sitting,0,sitting,0
362,12/12/2019 14:16:49,Tosh,1,sitting,sitting,0,sitting,0,sitting,0
363,12/12/2019 14:16:49,Tosh,1,sitting,sitting,0,sitting,0,sitting,0
364,12/12/2019 14:16:49,Tosh,1,sitting,sitting,0,sitting,0,sitting,0
365,12/12/2019 14:16:49,Tosh,1,sitting,sitting,0,sitting,0,sitting,0
366,12/12/2019 14:16:49,Tosh,1,sitting,sitting,0,sitting,0,sitting,0
367,12/12/2019 14:16:49,Tosh,1,sitting,sitting,0,sitting,0,sitting,0
368,12/12/2019 14:16:49,Tosh,1,sitting,sitting,0,sitting,0,sitting,0
369,12/12/2019 14:16:49,Tosh,1,sitting,sitting,0,sitting,0,sitting,0
370,12/12/2019 14:16:49,Tosh,1,sitting,sitting,0,sitting,0,sitting,0
371,12/12/2019 14:16:49,Tosh,1,sitting,sitting,0,sitting,0,sitting,0
372,12/12/2019 14:16:49,Tosh,1,sitting,sitting,0,sitting,0,sitting,0
373,12/12/2019 14:16:49,Tosh,1,sitting,sitting,0,sitting,0,sitting,0
374,12/12/2019 14:16:49,Tosh,1,sitting,sitting,0,sitting,0,sitting,0
375,12/12/2019 14:16:49,Tosh,1,sitting,sitting,0,sitting,0,sitting,0
376,12/12/2019 14:16:49,Tosh,1,sitting,sitting,0,sitting,0,sitting,0
377,12/12/2019 14:16:49,Tosh,1,sitting,sitting,0,sitting,0,sitting,0
378,12/12/2019 14:16:49,Tosh,1,sitting,sitting,0,sitting,0,sitting,0
379,12/12/2019 14:16:49,Tosh,1,sitting,sitting,0,sitting,0,sitting,0
380,12/12/2019 14:16:49,Tosh,1,sitting,sitting,0,sitting,0,sitting,0
381,12/12/2019 14:16:49,Tosh,1,sitting,sitting,0,sitting,0,sitting,0
382,12/12/2019 14:16:49,Tosh,1,sitting,sitting,0,sitting,0,sitting,0
383,12/12/2019 14:16:49,Tosh,1,sitting,sitting,0,sitting,0,sitting,0
384,12/12/2019 14:16:49,Tosh,1,sitting,sitting,0,sitting,0,sitting,0
385,12/12/2019 14:16:49,Tosh,1,sitting,sitting,0,sitting,0,sitting,0
386,12/12/2019 14:16:49,Tosh,1,sitting,sitting,0,sitting,0,sitting,0
387,12/12/2019 14:16:49,Tosh,1,sitting,sitting,0,sitting,0,sitting,0
388,12/12/2019 14:16:49,Tosh,1,sitting,sitting,0,sitting,0,sitting,0
389,12/12/2019 14:16:49,Tosh,1,sitting,sitting,0,sitting,0,sitting,0
390,12/12/2019 14:16:49,Tosh,1,sitting,sitting,0,sitting,0,sitting,0
391,12/12/2019 14:16:49,Tosh,1,sitting,sitting,0,sitting,0,sitting,0
392,12/12/2019 14:16:49,Tosh,1,sitting,sitting,0,sitting,0,sitting,0
393,12/12/2019 14:16:49,Tosh,1,sitting,sitting,0,sitting,0,sitting,0
394,12/12/2019 14:16:49,Tosh,1,sitting,sitting,0,sitting,0,sitting,0
395,12/12/2019 14:16:49,Tosh,1,sitting,sitting,0,sitting,0,sitting,0
396,12/12/2019 14:16:49,Tosh,1,sitting,sitting,0,sitting,0,sitting,0
397,12/12/2019 14:16:49,Tosh,1,sitting,sitting,0,sitting,0,sitting,0
398,12/12/2019 14:16:49,Tosh,1,sitting,sitting,0,sitting,0,sitting,0
399,12/12/2019 14:16:49,Tosh,1,sitting,sitting,0,sitting,0,sitting,0
400,12/12/2019 14:16:49,Tosh,1,sitting,sitting,0,sitting,0,sitting,0
401,12/12/2019 14:16:49,Tosh,1,sitting,sitting,0,sitting,0,sitting,0
402,12/12/2019 14:16:49,Tosh,1,sitting,sitting,0,sitting,0,sitting,0
403,12/12/2019 14:16:49,Tosh,1,sitting,sitting,0,sitting,0,sitting,0
404,12/12/2019 14:16:49,Tosh,1,sitting,sitting,0,sitting,0,sitting,0
405,12/12/2019 14:16:49,Tosh,1,sitting,sitting,0,sitting,0,sitting,0
406,12/12/2019 14:17:20,Tosh,1,standing,standing,0,standing,0,standing,0
407,12/12/2019 14:17:20,Tosh,1,standing,standing,0,standing,0,standing,0
408,12/12/2019 14:17:20,Tosh,1,standing,standing,0,standing,0,standing,0
409,12/12/2019 14:17:20,Tosh,1,standing,standing,0,standing,0,standing,0
410,12/12/2019 14:17:20,Tosh,1,standing,standing,0,standing,0,standing,0
411,12/12/2019 14:17:20,Tosh,1,standing,standing,0,standing,0,standing,0
412,12/12/2019 14:17:20,Tosh,1,standing,standing,0,standing,0,standing,0
413,12/12/2019 14:17:20,Tosh,1,standing,standing,0,standing,0,standing,0
414,12/12/2019 14:17:20,Tosh,1,standing,standing,0,standing,0,standing,0
415,12/12/2019 14:17:20,Tosh,1,standing,standing,0,standing,0,standing,0
416,12/12/2019 14:17:28,Tosh,1,standing,standing,0,standing,0,standing,0
417,12/12/2019 14:17:28,Tosh,1,standing,standing,0,standing,0,standing,0
418,12/12/2019 14:17:28,Tosh,1,standing,standing,0,standing,0,standing,0
419,12/12/2019 14:17:28,Tosh,1,standing,standing,0,standing,0,standing,0
420,12/12/2019 14:17:31,Tosh,1,walking,walking,0,walking,0,walking,0
421,12/12/2019 14:17:31,Tosh,1,walking,walking,0,walking,0,walking,0
422,12/12/2019 14:17:31,Tosh,1,walking,walking,0,walking,0,walking,0
423,12/12/2019 14:17:31,Tosh,1,walking,walking,0,walking,0,walking,0
424,12/12/2019 14:17:31,Tosh,1,walking,walking,0,walking,0,walking,0
425,12/12/2019 14:17:31,Tosh,1,walking,walking,0,walking,0,walking,0
426,12/12/2019 14:17:35,Tosh,1,standing,standing,0,standing,0,standing,0
427,12/12/2019 14:17:35,Tosh,1,standing,standing,0,standing,0,standing,0
428,12/12/2019 14:17:35,Tosh,1,standing,standing,0,standing,0,standing,0
429,12/12/2019 14:17:35,Tosh,1,standing,standing,0,standing,0,standing,0
430,12/12/2019 14:17:35,Tosh,1,standing,standing,0,standing,0,standing,0
431,12/12/2019 14:17:35,Tosh,1,standing,standing,0,standing,0,standing,0
432,12/12/2019 14:17:35,Tosh,1,standing,standing,0,standing,0,standing,0
433,12/12/2019 14:17:35,Tosh,1,standing,standing,0,standing,0,standing,0
434,12/12/2019 14:17:35,Tosh,1,standing,standing,0,standing,0,standing,0
435,12/12/2019 14:17:35,Tosh,1,standing,standing,0,standing,0,standing,0
436,12/12/2019 14:17:35,Tosh,1,standing,standing,0,standing,0,standing,0
437,12/12/2019 14:17:35,Tosh,1,standing,standing,0,standing,0,standing,0
438,12/12/2019 14:17:35,Tosh,1,standing,standing,0,standing,0,standing,0
439,12/12/2019 14:17:35,Tosh,1,standing,standing,0,standing,0,standing,0
440,12/12/2019 14:17:35,Tosh,1,standing,standing,0,standing,0,standing,0
441,12/12/2019 14:17:35,Tosh,1,standing,standing,0,standing,0,standing,0
442,12/12/2019 14:17:35,Tosh,1,standing,standing,0,standing,0,standing,0
443,12/12/2019 14:17:35,Tosh,1,standing,standing,0,standing,0,standing,0
444,12/12/2019 14:17:35,Tosh,1,standing,standing,0,standing,0,standing,0
445,12/12/2019 14:17:35,Tosh,1,standing,standing,0,standing,0,standing,0
446,12/12/2019 14:17:35,Tosh,1,standing,standing,0,standing,0,standing,0
447,12/12/2019 14:17:35,Tosh,1,standing,standing,0,standing,0,standing,0
448,12/12/2019 14:17:35,Tosh,1,standing,standing,0,standing,0,standing,0
449,12/12/2019 14:17:35,Tosh,1,standing,standing,0,standing,0,standing,0
450,12/12/2019 14:17:35,Tosh,1,standing,standing,0,standing,0,standing,0
451,12/12/2019 14:17:35,Tosh,1,standing,standing,0,walking,1,standing,0
452,12/12/2019 14:17:35,Tosh,1,standing,standing,0,standing,0,standing,0
453,12/12/2019 14:17:35,Tosh,1,standing,standing,0,standing,0,standing,0
454,12/12/2019 14:17:50,Tosh,1,sitting,standing,1,standing,1,standing,1
455,12/12/2019 14:17:50,Tosh,1,sitting,standing,1,sitting,0,sitting,0
456,12/12/2019 14:17:50,Tosh,1,sitting,sitting,0,sitting,0,sitting,0
457,12/12/2019 14:17:50,Tosh,1,sitting,sitting,0,sitting,0,sitting,0
458,12/12/2019 14:17:50,Tosh,1,sitting,sitting,0,sitting,0,sitting,0
459,12/12/2019 14:17:50,Tosh,1,sitting,sitting,0,sitting,0,sitting,0
460,12/12/2019 14:17:50,Tosh,1,sitting,sitting,0,sitting,0,sitting,0
461,12/12/2019 14:17:50,Tosh,1,sitting,sitting,0,sitting,0,sitting,0
462,12/12/2019 14:17:50,Tosh,1,sitting,sitting,0,sitting,0,sitting,0
463,12/12/2019 14:17:50,Tosh,1,sitting,sitting,0,sitting,0,sitting,0
464,12/12/2019 14:17:50,Tosh,1,sitting,sitting,0,sitting,0,sitting,0
465,12/12/2019 14:17:50,Tosh,1,sitting,sitting,0,sitting,0,sitting,0
466,12/12/2019 14:17:50,Tosh,1,sitting,sitting,0,sitting,0,sitting,0
467,12/12/2019 14:17:50,Tosh,1,sitting,sitting,0,sitting,0,sitting,0
468,12/12/2019 14:17:50,Tosh,1,sitting,sitting,0,sitting,0,sitting,0
469,12/12/2019 14:17:50,Tosh,1,sitting,sitting,0,sitting,0,sitting,0
470,12/12/2019 14:17:50,Tosh,1,sitting,sitting,0,sitting,0,sitting,0
471,12/12/2019 14:17:50,Tosh,1,sitting,sitting,0,sitting,0,sitting,0
472,12/12/2019 14:17:50,Tosh,1,sitting,sitting,0,sitting,0,sitting,0
473,12/12/2019 14:17:50,Tosh,1,sitting,standing,1,standing,1,standing,1
474,12/12/2019 14:17:50,Tosh,1,sitting,standing,1,standing,1,standing,1
475,12/12/2019 14:17:50,Tosh,1,sitting,standing,1,standing,1,standing,1
476,12/12/2019 14:18:02,Tosh,1,lying down,standing,1,standing,1,standing,1
477,12/12/2019 14:18:02,Tosh,1,lying down,standing,1,lying down,0,lying down,0
478,12/12/2019 14:18:02,Tosh,1,lying down,lying down,0,lying down,0,lying down,0
479,12/12/2019 14:18:02,Tosh,1,lying down,lying down,0,lying down,0,lying down,0
480,12/12/2019 14:18:02,Tosh,1,lying down,lying down,0,lying down,0,lying down,0
481,12/12/2019 14:18:02,Tosh,1,lying down,lying down,0,lying down,0,lying down,0
482,12/12/2019 14:18:02,Tosh,1,lying down,lying down,0,lying down,0,lying down,0
483,12/12/2019 14:18:02,Tosh,1,lying down,lying down,0,lying down,0,lying down,0
484,12/12/2019 14:18:02,Tosh,1,lying down,lying down,0,lying down,0,lying down,0
485,12/12/2019 14:18:02,Tosh,1,lying down,lying down,0,lying down,0,lying down,0
486,12/12/2019 14:18:02,Tosh,1,lying down,lying down,0,lying down,0,lying down,0
487,12/12/2019 14:18:02,Tosh,1,lying down,lying down,0,lying down,0,lying down,0
488,12/12/2019 14:18:02,Tosh,1,lying down,lying down,0,lying down,0,lying down,0
489,12/12/2019 14:18:02,Tosh,1,lying down,lying down,0,lying down,0,lying down,0
490,12/12/2019 14:18:02,Tosh,1,lying down,lying down,0,lying down,0,lying down,0
491,12/12/2019 14:18:02,Tosh,1,lying down,lying down,0,lying down,0,lying down,0
492,12/12/2019 14:18:02,Tosh,1,lying down,lying down,0,lying down,0,lying down,0
493,12/12/2019 14:18:02,Tosh,1,lying down,lying down,0,lying down,0,lying down,0
494,12/12/2019 14:18:02,Tosh,1,lying down,lying down,0,lying down,0,lying down,0
495,12/12/2019 14:18:02,Tosh,1,lying down,lying down,0,lying down,0,lying down,0
496,12/12/2019 14:18:02,Tosh,1,lying down,lying down,0,lying down,0,lying down,0
497,12/12/2019 14:18:02,Tosh,1,lying down,lying down,0,lying down,0,lying down,0
498,12/12/2019 14:18:02,Tosh,1,lying down,lying down,0,lying down,0,lying down,0
499,12/12/2019 14:18:02,Tosh,1,lying down,lying down,0,lying down,0,lying down,0
500,12/12/2019 14:18:02,Tosh,1,lying down,lying down,0,lying down,0,lying down,0
501,12/12/2019 14:18:02,Tosh,1,lying down,lying down,0,lying down,0,lying down,0
502,12/12/2019 14:18:02,Tosh,1,lying down,lying down,0,lying down,0,lying down,0
503,12/12/2019 14:18:02,Tosh,1,lying down,lying down,0,lying down,0,lying down,0
504,12/12/2019 14:18:02,Tosh,1,lying down,lying down,0,lying down,0,lying down,0
505,12/12/2019 14:18:02,Tosh,1,lying down,lying down,0,lying down,0,lying down,0
506,12/12/2019 14:18:02,Tosh,1,lying down,lying down,0,lying down,0,lying down,0
507,12/12/2019 14:18:02,Tosh,1,lying down,lying down,0,lying down,0,lying down,0
508,12/12/2019 14:18:02,Tosh,1,lying down,lying down,0,lying down,0,lying down,0
509,12/12/2019 14:18:02,Tosh,1,lying down,lying down,0,lying down,0,lying down,0
510,12/12/2019 14:18:02,Tosh,1,lying down,lying down,0,lying down,0,lying down,0
511,12/12/2019 14:18:02,Tosh,1,lying down,lying down,0,lying down,0,lying down,0
512,12/12/2019 14:18:02,Tosh,1,lying down,lying down,0,lying down,0,lying down,0
513,12/12/2019 14:18:02,Tosh,1,lying down,lying down,0,lying down,0,lying down,0
514,12/12/2019 14:18:02,Tosh,1,lying down,lying down,0,lying down,0,lying down,0
515,12/12/2019 14:18:02,Tosh,1,lying down,lying down,0,lying down,0,lying down,0
516,12/12/2019 14:18:02,Tosh,1,lying down,lying down,0,lying down,0,lying down,0
517,12/12/2019 14:18:02,Tosh,1,lying down,lying down,0,lying down,0,lying down,0
518,12/12/2019 14:18:02,Tosh,1,lying down,lying down,0,lying down,0,lying down,0
519,12/12/2019 14:18:02,Tosh,1,lying down,lying down,0,lying down,0,lying down,0
520,12/12/2019 14:18:02,Tosh,1,lying down,lying down,0,lying down,0,lying down,0
521,12/12/2019 14:18:02,Tosh,1,lying down,lying down,0,lying down,0,lying down,0
522,12/12/2019 14:18:02,Tosh,1,lying down,lying down,0,lying down,0,lying down,0
523,12/12/2019 14:18:02,Tosh,1,lying down,lying down,0,lying down,0,lying down,0
524,12/12/2019 14:18:02,Tosh,1,lying down,lying down,0,lying down,0,lying down,0
525,12/12/2019 14:18:02,Tosh,1,lying down,lying down,0,lying down,0,lying down,0
526,12/12/2019 14:18:02,Tosh,1,lying down,lying down,0,lying down,0,lying down,0
527,12/12/2019 14:18:02,Tosh,1,lying down,lying down,0,lying down,0,lying down,0
528,12/12/2019 14:18:02,Tosh,1,lying down,lying down,0,lying down,0,lying down,0
529,12/12/2019 14:18:02,Tosh,1,lying down,lying down,0,lying down,0,lying down,0
530,12/12/2019 14:18:02,Tosh,1,lying down,lying down,0,lying down,0,lying down,0
531,12/12/2019 14:18:02,Tosh,1,lying down,lying down,0,lying down,0,lying down,0
532,12/12/2019 14:18:02,Tosh,1,lying down,lying down,0,lying down,0,lying down,0
533,12/12/2019 14:18:02,Tosh,1,lying down,lying down,0,lying down,0,lying down,0
534,12/12/2019 14:18:02,Tosh,1,lying down,lying down,0,lying down,0,lying down,0
535,12/12/2019 14:18:02,Tosh,1,lying down,lying down,0,lying down,0,lying down,0
536,12/12/2019 14:18:02,Tosh,1,lying down,lying down,0,lying down,0,lying down,0
537,12/12/2019 14:18:02,Tosh,1,lying down,lying down,0,lying down,0,lying down,0
538,12/12/2019 14:18:02,Tosh,1,lying down,lying down,0,lying down,0,lying down,0
539,12/12/2019 14:18:02,Tosh,1,lying down,lying down,0,lying down,0,lying down,0
540,12/12/2019 14:18:02,Tosh,1,lying down,lying down,0,lying down,0,lying down,0
541,12/12/2019 14:18:02,Tosh,1,lying down,lying down,0,lying down,0,lying down,0
542,12/12/2019 14:18:02,Tosh,1,lying down,lying down,0,lying down,0,lying down,0
543,12/12/2019 14:18:02,Tosh,1,lying down,lying down,0,lying down,0,lying down,0
544,12/12/2019 14:18:02,Tosh,1,lying down,lying down,0,lying down,0,lying down,0
545,12/12/2019 14:18:02,Tosh,1,lying down,lying down,0,lying down,0,lying down,0
546,12/12/2019 14:18:02,Tosh,1,lying down,lying down,0,lying down,0,lying down,0
547,12/12/2019 14:18:02,Tosh,1,lying down,lying down,0,lying down,0,lying down,0
548,12/12/2019 14:18:02,Tosh,1,lying down,lying down,0,lying down,0,lying down,0
549,12/12/2019 14:18:02,Tosh,1,lying down,lying down,0,lying down,0,lying down,0
550,12/12/2019 14:18:02,Tosh,1,lying down,lying down,0,lying down,0,lying down,0
551,12/12/2019 14:18:02,Tosh,1,lying down,lying down,0,lying down,0,lying down,0
552,12/12/2019 14:18:02,Tosh,1,lying down,lying down,0,lying down,0,lying down,0
553,12/12/2019 14:18:02,Tosh,1,lying down,lying down,0,lying down,0,lying down,0
554,12/12/2019 14:18:02,Tosh,1,lying down,lying down,0,lying down,0,lying down,0
555,12/12/2019 14:18:02,Tosh,1,lying down,lying down,0,lying down,0,lying down,0
556,12/12/2019 14:18:02,Tosh,1,lying down,lying down,0,lying down,0,lying down,0
557,12/12/2019 14:18:02,Tosh,1,lying down,lying down,0,lying down,0,lying down,0
558,12/12/2019 14:18:02,Tosh,1,lying down,lying down,0,lying down,0,lying down,0
559,12/12/2019 14:18:02,Tosh,1,lying down,lying down,0,lying down,0,lying down,0
560,12/12/2019 14:18:02,Tosh,1,lying down,lying down,0,lying down,0,lying down,0
561,12/12/2019 14:18:02,Tosh,1,lying down,lying down,0,lying down,0,lying down,0
562,12/12/2019 14:18:02,Tosh,1,lying down,lying down,0,lying down,0,lying down,0
563,12/12/2019 14:18:02,Tosh,1,lying down,lying down,0,lying down,0,lying down,0
564,12/12/2019 14:18:02,Tosh,1,lying down,lying down,0,lying down,0,lying down,0
565,12/12/2019 14:18:02,Tosh,1,lying down,lying down,0,lying down,0,lying down,0
566,12/12/2019 14:18:02,Tosh,1,lying down,lying down,0,lying down,0,lying down,0
567,12/12/2019 14:18:02,Tosh,1,lying down,lying down,0,lying down,0,lying down,0
568,12/12/2019 14:18:02,Tosh,1,lying down,lying down,0,lying down,0,lying down,0
569,12/12/2019 14:18:02,Tosh,1,lying down,lying down,0,lying down,0,lying down,0
570,12/12/2019 14:18:02,Tosh,1,lying down,lying down,0,lying down,0,lying down,0
571,12/12/2019 14:18:02,Tosh,1,lying down,lying down,0,lying down,0,lying down,0
572,12/12/2019 14:18:02,Tosh,1,lying down,lying down,0,lying down,0,lying down,0
573,12/12/2019 14:18:02,Tosh,1,lying down,lying down,0,lying down,0,lying down,0
574,12/12/2019 14:18:02,Tosh,1,lying down,lying down,0,lying down,0,lying down,0
575,12/12/2019 14:18:02,Tosh,1,lying down,lying down,0,lying down,0,lying down,0
576,12/12/2019 14:18:02,Tosh,1,lying down,lying down,0,lying down,0,lying down,0
577,12/12/2019 14:18:02,Tosh,1,lying down,lying down,0,lying down,0,lying down,0
578,12/12/2019 14:18:02,Tosh,1,lying down,lying down,0,lying down,0,lying down,0
579,12/12/2019 14:18:02,Tosh,1,lying down,lying down,0,lying down,0,lying down,0
580,12/12/2019 14:18:02,Tosh,1,lying down,lying down,0,lying down,0,lying down,0
581,12/12/2019 14:18:02,Tosh,1,lying down,lying down,0,lying down,0,lying down,0
582,12/12/2019 14:18:02,Tosh,1,lying down,lying down,0,lying down,0,lying down,0
583,12/12/2019 14:18:02,Tosh,1,lying down,lying down,0,lying down,0,lying down,0
584,12/12/2019 14:18:02,Tosh,1,lying down,lying down,0,lying down,0,lying down,0
585,12/12/2019 14:18:02,Tosh,1,lying down,lying down,0,lying down,0,lying down,0
586,12/12/2019 14:18:02,Tosh,1,lying down,lying down,0,lying down,0,lying down,0
587,12/12/2019 14:18:02,Tosh,1,lying down,lying down,0,lying down,0,lying down,0
588,12/12/2019 14:18:02,Tosh,1,lying down,lying down,0,lying down,0,lying down,0
589,12/12/2019 14:18:02,Tosh,1,lying down,lying down,0,lying down,0,lying down,0
590,12/12/2019 14:18:02,Tosh,1,lying down,lying down,0,lying down,0,lying down,0
591,12/12/2019 14:18:02,Tosh,1,lying down,lying down,0,lying down,0,lying down,0
592,12/12/2019 14:18:02,Tosh,1,lying down,lying down,0,lying down,0,lying down,0
593,12/12/2019 14:18:02,Tosh,1,lying down,lying down,0,lying down,0,lying down,0
594,12/12/2019 14:18:02,Tosh,1,lying down,lying down,0,lying down,0,lying down,0
595,12/12/2019 14:18:02,Tosh,1,lying down,lying down,0,lying down,0,lying down,0
596,12/12/2019 14:18:02,Tosh,1,lying down,lying down,0,lying down,0,lying down,0
597,12/12/2019 14:18:02,Tosh,1,lying down,lying down,0,lying down,0,lying down,0
598,12/12/2019 14:18:02,Tosh,1,lying down,lying down,0,lying down,0,lying down,0
599,12/12/2019 14:18:02,Tosh,1,lying down,lying down,0,lying down,0,lying down,0
600,12/12/2019 14:18:02,Tosh,1,lying down,lying down,0,lying down,0,lying down,0
601,12/12/2019 14:18:02,Tosh,1,lying down,lying down,0,lying down,0,lying down,0
602,12/12/2019 14:18:02,Tosh,1,lying down,lying down,0,lying down,0,lying down,0
603,12/12/2019 14:18:02,Tosh,1,lying down,lying down,0,lying down,0,lying down,0
604,12/12/2019 14:18:02,Tosh,1,lying down,lying down,0,lying down,0,lying down,0
605,12/12/2019 14:18:02,Tosh,1,lying down,lying down,0,lying down,0,lying down,0
606,12/12/2019 14:18:02,Tosh,1,lying down,lying down,0,lying down,0,lying down,0
607,12/12/2019 14:18:02,Tosh,1,lying down,lying down,0,lying down,0,lying down,0
608,12/12/2019 14:18:02,Tosh,1,lying down,lying down,0,lying down,0,lying down,0
609,12/12/2019 14:18:02,Tosh,1,lying down,lying down,0,lying down,0,lying down,0
610,12/12/2019 14:18:02,Tosh,1,lying down,lying down,0,lying down,0,lying down,0
611,12/12/2019 14:18:02,Tosh,1,lying down,lying down,0,lying down,0,lying down,0
612,12/12/2019 14:18:02,Tosh,1,lying down,lying down,0,lying down,0,lying down,0
613,12/12/2019 14:18:02,Tosh,1,lying down,lying down,0,lying down,0,lying down,0
614,12/12/2019 14:19:21,Tosh,1,standing,standing,0,standing,0,standing,0
615,12/12/2019 14:19:21,Tosh,1,standing,sitting,1,standing,0,standing,0
616,12/12/2019 14:19:21,Tosh,1,standing,sitting,1,standing,0,standing,0
617,12/12/2019 14:19:21,Tosh,1,standing,sitting,1,standing,0,sitting,1
618,12/12/2019 14:19:21,Tosh,1,standing,standing,0,standing,0,standing,0
619,12/12/2019 14:19:21,Tosh,1,standing,standing,0,standing,0,standing,0
620,12/12/2019 14:19:21,Tosh,1,standing,standing,0,standing,0,standing,0
621,12/12/2019 14:19:21,Tosh,1,standing,standing,0,standing,0,standing,0
622,12/12/2019 14:19:21,Tosh,1,standing,standing,0,standing,0,standing,0
623,12/12/2019 14:19:21,Tosh,1,standing,standing,0,standing,0,standing,0
624,12/12/2019 14:19:21,Tosh,1,standing,standing,0,standing,0,standing,0
625,12/12/2019 14:19:21,Tosh,1,standing,standing,0,standing,0,standing,0
626,12/12/2019 14:19:21,Tosh,1,standing,standing,0,standing,0,standing,0
627,12/12/2019 14:19:21,Tosh,1,standing,standing,0,standing,0,standing,0
628,12/12/2019 14:19:21,Tosh,1,standing,standing,0,standing,0,standing,0
629,12/12/2019 14:19:21,Tosh,1,standing,standing,0,standing,0,standing,0
630,12/12/2019 14:19:21,Tosh,1,standing,standing,0,standing,0,standing,0
631,12/12/2019 14:19:21,Tosh,1,standing,standing,0,standing,0,standing,0
632,12/12/2019 14:19:21,Tosh,1,standing,standing,0,standing,0,standing,0
633,12/12/2019 14:19:21,Tosh,1,standing,standing,0,standing,0,standing,0
634,12/12/2019 14:19:21,Tosh,1,standing,standing,0,standing,0,standing,0
635,12/12/2019 14:19:21,Tosh,1,standing,standing,0,standing,0,standing,0
636,12/12/2019 14:19:21,Tosh,1,standing,standing,0,standing,0,standing,0
637,12/12/2019 14:19:21,Tosh,1,standing,standing,0,standing,0,standing,0
638,12/12/2019 14:19:21,Tosh,1,standing,standing,0,standing,0,standing,0
639,12/12/2019 14:19:21,Tosh,1,standing,standing,0,standing,0,standing,0
640,12/12/2019 14:19:21,Tosh,1,standing,standing,0,standing,0,standing,0
641,12/12/2019 14:19:21,Tosh,1,standing,standing,0,standing,0,standing,0
642,12/12/2019 14:19:21,Tosh,1,standing,standing,0,standing,0,standing,0
643,12/12/2019 14:19:21,Tosh,1,standing,standing,0,standing,0,standing,0
644,12/12/2019 14:19:21,Tosh,1,standing,standing,0,standing,0,standing,0
645,12/12/2019 14:19:21,Tosh,1,standing,standing,0,standing,0,standing,0
646,12/12/2019 14:19:21,Tosh,1,standing,standing,0,standing,0,standing,0
647,12/12/2019 14:19:21,Tosh,1,standing,standing,0,standing,0,standing,0
648,12/12/2019 14:19:21,Tosh,1,standing,standing,0,standing,0,standing,0
649,12/12/2019 14:19:21,Tosh,1,standing,standing,0,standing,0,standing,0
650,12/12/2019 14:19:21,Tosh,1,standing,standing,0,standing,0,standing,0
651,12/12/2019 14:19:21,Tosh,1,standing,standing,0,standing,0,standing,0
652,12/12/2019 14:19:21,Tosh,1,standing,standing,0,standing,0,standing,0
653,12/12/2019 14:19:21,Tosh,1,standing,standing,0,standing,0,standing,0
654,12/12/2019 14:19:21,Tosh,1,standing,standing,0,standing,0,standing,0
655,12/12/2019 14:19:21,Tosh,1,standing,standing,0,standing,0,standing,0
656,12/12/2019 14:19:21,Tosh,1,standing,standing,0,standing,0,standing,0
657,12/12/2019 14:19:21,Tosh,1,standing,standing,0,standing,0,standing,0
658,12/12/2019 14:19:21,Tosh,1,standing,standing,0,standing,0,standing,0
659,12/12/2019 14:19:21,Tosh,1,standing,standing,0,standing,0,standing,0
660,12/12/2019 14:19:50,Tosh,1,walking,walking,0,walking,0,walking,0
661,12/12/2019 14:19:50,Tosh,1,walking,walking,0,walking,0,walking,0
662,12/12/2019 14:19:50,Tosh,1,walking,walking,0,walking,0,walking,0
663,12/12/2019 14:19:50,Tosh,1,walking,walking,0,walking,0,walking,0
664,12/12/2019 14:19:53,Tosh,1,standing,standing,0,standing,0,standing,0
665,12/12/2019 14:19:53,Tosh,1,standing,standing,0,standing,0,standing,0
666,12/12/2019 14:19:53,Tosh,1,standing,standing,0,standing,0,standing,0
667,12/12/2019 14:19:53,Tosh,1,standing,standing,0,standing,0,standing,0
668,12/12/2019 14:19:53,Tosh,1,standing,standing,0,standing,0,standing,0
669,12/12/2019 14:19:53,Tosh,1,standing,standing,0,standing,0,standing,0
670,12/12/2019 14:19:53,Tosh,1,standing,standing,0,standing,0,standing,0
671,12/12/2019 14:19:53,Tosh,1,standing,standing,0,standing,0,standing,0
672,12/12/2019 14:19:53,Tosh,1,standing,standing,0,standing,0,standing,0
673,12/12/2019 14:19:53,Tosh,1,standing,standing,0,standing,0,standing,0
674,12/12/2019 14:19:53,Tosh,1,standing,standing,0,standing,0,standing,0
675,12/12/2019 14:19:53,Tosh,1,standing,standing,0,standing,0,standing,0
676,12/12/2019 14:19:53,Tosh,1,standing,standing,0,standing,0,standing,0
677,12/12/2019 14:19:53,Tosh,1,standing,standing,0,standing,0,standing,0
678,12/12/2019 14:19:53,Tosh,1,standing,standing,0,standing,0,standing,0
679,12/12/2019 14:19:53,Tosh,1,standing,standing,0,standing,0,standing,0
680,12/12/2019 14:19:53,Tosh,1,standing,standing,0,standing,0,standing,0
681,12/12/2019 14:19:53,Tosh,1,standing,standing,0,standing,0,standing,0
682,12/12/2019 14:19:53,Tosh,1,standing,standing,0,standing,0,standing,0
683,12/12/2019 14:19:53,Tosh,1,standing,standing,0,standing,0,standing,0
684,12/12/2019 14:19:53,Tosh,1,standing,standing,0,standing,0,standing,0
685,12/12/2019 14:19:53,Tosh,1,standing,standing,0,standing,0,standing,0
686,12/12/2019 14:19:53,Tosh,1,standing,standing,0,standing,0,standing,0
687,12/12/2019 14:19:53,Tosh,1,standing,standing,0,standing,0,standing,0
688,12/12/2019 14:19:53,Tosh,1,standing,standing,0,standing,0,standing,0
689,12/12/2019 14:19:53,Tosh,1,standing,standing,0,standing,0,standing,0
690,12/12/2019 14:19:53,Tosh,1,standing,standing,0,standing,0,standing,0
691,12/12/2019 14:19:53,Tosh,1,standing,standing,0,standing,0,standing,0
692,12/12/2019 14:19:53,Tosh,1,standing,standing,0,standing,0,standing,0
693,12/12/2019 14:19:53,Tosh,1,standing,standing,0,standing,0,standing,0
694,12/12/2019 14:19:53,Tosh,1,standing,standing,0,standing,0,standing,0
695,12/12/2019 14:19:53,Tosh,1,standing,standing,0,standing,0,standing,0
696,12/12/2019 14:19:53,Tosh,1,standing,standing,0,standing,0,standing,0
697,12/12/2019 14:19:53,Tosh,1,standing,standing,0,standing,0,standing,0
698,12/12/2019 14:19:53,Tosh,1,standing,standing,0,standing,0,standing,0
699,12/12/2019 14:19:53,Tosh,1,standing,standing,0,standing,0,standing,0
700,12/12/2019 14:19:53,Tosh,1,standing,standing,0,standing,0,standing,0
701,12/12/2019 14:19:53,Tosh,1,standing,standing,0,standing,0,standing,0
702,12/12/2019 14:19:53,Tosh,1,standing,standing,0,standing,0,standing,0
703,12/12/2019 14:19:53,Tosh,1,standing,standing,0,standing,0,standing,0
704,12/12/2019 14:19:53,Tosh,1,standing,standing,0,standing,0,standing,0
705,12/12/2019 14:19:53,Tosh,1,standing,standing,0,standing,0,standing,0
706,12/12/2019 14:19:53,Tosh,1,standing,standing,0,standing,0,standing,0
707,12/12/2019 14:19:53,Tosh,1,standing,standing,0,standing,0,standing,0
708,12/12/2019 14:19:53,Tosh,1,standing,standing,0,standing,0,standing,0
709,12/12/2019 14:19:53,Tosh,1,standing,standing,0,standing,0,standing,0
710,12/12/2019 14:19:53,Tosh,1,standing,standing,0,standing,0,standing,0
711,12/12/2019 14:19:53,Tosh,1,standing,standing,0,standing,0,standing,0
712,12/12/2019 14:19:53,Tosh,1,standing,standing,0,standing,0,standing,0
713,12/12/2019 14:19:53,Tosh,1,standing,standing,0,standing,0,standing,0
714,12/12/2019 14:19:53,Tosh,1,standing,standing,0,standing,0,standing,0
715,12/12/2019 14:19:53,Tosh,1,standing,standing,0,standing,0,standing,0
716,12/12/2019 14:19:53,Tosh,1,standing,standing,0,standing,0,standing,0
717,12/12/2019 14:19:53,Tosh,1,standing,standing,0,standing,0,standing,0
718,12/12/2019 14:19:53,Tosh,1,standing,standing,0,standing,0,standing,0
719,12/12/2019 14:19:53,Tosh,1,standing,standing,0,standing,0,standing,0
720,12/12/2019 14:19:53,Tosh,1,standing,standing,0,standing,0,standing,0
721,12/12/2019 14:19:53,Tosh,1,standing,standing,0,standing,0,standing,0
722,12/12/2019 14:20:23,Tosh,1,walking,walking,0,walking,0,walking,0
723,12/12/2019 14:20:23,Tosh,1,walking,walking,0,walking,0,walking,0
724,12/12/2019 14:20:23,Tosh,1,walking,walking,0,walking,0,walking,0
725,12/12/2019 14:20:23,Tosh,1,walking,walking,0,walking,0,walking,0
726,12/12/2019 14:20:23,Tosh,1,walking,walking,0,walking,0,walking,0
727,12/12/2019 14:20:23,Tosh,1,walking,walking,0,walking,0,walking,0
728,12/12/2019 14:20:23,Tosh,1,walking,walking,0,walking,0,walking,0
729,12/12/2019 14:20:23,Tosh,1,walking,walking,0,walking,0,walking,0
730,12/12/2019 14:20:23,Tosh,1,walking,walking,0,walking,0,walking,0
731,12/12/2019 14:20:23,Tosh,1,walking,walking,0,walking,0,walking,0
732,12/12/2019 14:20:23,Tosh,1,walking,walking,0,walking,0,walking,0
733,12/12/2019 14:20:23,Tosh,1,walking,walking,0,walking,0,walking,0
734,12/12/2019 14:20:23,Tosh,1,walking,standing,1,walking,0,walking,0
735,12/12/2019 14:20:23,Tosh,1,walking,standing,1,walking,0,standing,1
736,12/12/2019 14:20:31,Tosh,1,standing,standing,0,standing,0,standing,0
737,12/12/2019 14:20:31,Tosh,1,standing,standing,0,standing,0,standing,0
738,12/12/2019 14:20:31,Tosh,1,standing,standing,0,standing,0,standing,0
739,12/12/2019 14:20:31,Tosh,1,standing,standing,0,standing,0,standing,0
740,12/12/2019 14:20:31,Tosh,1,standing,standing,0,standing,0,standing,0
741,12/12/2019 14:20:31,Tosh,1,standing,standing,0,standing,0,standing,0
742,12/12/2019 14:20:31,Tosh,1,standing,standing,0,standing,0,standing,0
743,12/12/2019 14:20:31,Tosh,1,standing,standing,0,standing,0,standing,0
744,12/12/2019 14:20:31,Tosh,1,standing,standing,0,standing,0,standing,0
745,12/12/2019 14:20:31,Tosh,1,standing,standing,0,standing,0,standing,0
746,12/12/2019 14:20:31,Tosh,1,standing,standing,0,standing,0,standing,0
747,12/12/2019 14:20:31,Tosh,1,standing,standing,0,standing,0,standing,0
748,12/12/2019 14:20:31,Tosh,1,standing,standing,0,standing,0,standing,0
749,12/12/2019 14:20:31,Tosh,1,standing,standing,0,standing,0,standing,0
750,12/12/2019 14:20:31,Tosh,1,standing,standing,0,standing,0,standing,0
751,12/12/2019 14:20:31,Tosh,1,standing,standing,0,standing,0,standing,0
752,12/12/2019 14:20:31,Tosh,1,standing,standing,0,standing,0,standing,0
753,12/12/2019 14:20:31,Tosh,1,standing,standing,0,standing,0,standing,0
754,12/12/2019 14:20:31,Tosh,1,standing,standing,0,standing,0,standing,0
755,12/12/2019 14:20:31,Tosh,1,standing,standing,0,standing,0,standing,0
756,12/12/2019 14:20:31,Tosh,1,standing,standing,0,standing,0,standing,0
757,12/12/2019 14:20:31,Tosh,1,standing,standing,0,standing,0,standing,0
758,12/12/2019 14:20:31,Tosh,1,standing,standing,0,standing,0,standing,0
759,12/12/2019 14:20:31,Tosh,1,standing,standing,0,standing,0,standing,0
760,12/12/2019 14:20:31,Tosh,1,standing,standing,0,standing,0,standing,0
761,12/12/2019 14:20:31,Tosh,1,standing,standing,0,standing,0,standing,0
762,12/12/2019 14:20:31,Tosh,1,standing,standing,0,standing,0,standing,0
763,12/12/2019 14:20:31,Tosh,1,standing,standing,0,standing,0,standing,0
764,12/12/2019 14:20:31,Tosh,1,standing,standing,0,standing,0,standing,0
765,12/12/2019 14:20:31,Tosh,1,standing,standing,0,standing,0,standing,0
766,12/12/2019 14:20:31,Tosh,1,standing,standing,0,standing,0,standing,0
767,12/12/2019 14:20:31,Tosh,1,standing,standing,0,standing,0,standing,0
768,12/12/2019 14:20:48,Tosh,1,walking,walking,0,walking,0,walking,0
769,12/12/2019 14:20:48,Tosh,1,walking,walking,0,walking,0,walking,0
770,12/12/2019 14:20:48,Tosh,1,walking,walking,0,walking,0,walking,0
771,12/12/2019 14:20:48,Tosh,1,walking,walking,0,walking,0,walking,0
772,12/12/2019 14:20:48,Tosh,1,walking,walking,0,walking,0,walking,0
773,12/12/2019 14:20:48,Tosh,1,walking,walking,0,walking,0,walking,0
774,12/12/2019 14:20:48,Tosh,1,walking,walking,0,walking,0,walking,0
775,12/12/2019 14:20:48,Tosh,1,walking,walking,0,walking,0,walking,0
776,12/12/2019 14:20:48,Tosh,1,walking,walking,0,walking,0,walking,0
777,12/12/2019 14:20:48,Tosh,1,walking,walking,0,walking,0,walking,0
778,12/12/2019 14:20:48,Tosh,1,walking,walking,0,walking,0,walking,0
779,12/12/2019 14:20:48,Tosh,1,walking,walking,0,walking,0,walking,0
780,12/12/2019 14:20:48,Tosh,1,walking,walking,0,walking,0,walking,0
781,12/12/2019 14:20:48,Tosh,1,walking,walking,0,walking,0,walking,0
782,12/12/2019 14:20:48,Tosh,1,walking,walking,0,walking,0,walking,0
783,12/12/2019 14:20:48,Tosh,1,walking,walking,0,walking,0,walking,0
784,12/12/2019 14:20:48,Tosh,1,walking,walking,0,walking,0,walking,0
785,12/12/2019 14:20:48,Tosh,1,walking,walking,0,walking,0,walking,0
786,12/12/2019 14:20:48,Tosh,1,walking,walking,0,walking,0,walking,0
787,12/12/2019 14:20:48,Tosh,1,walking,walking,0,walking,0,walking,0
788,12/12/2019 14:20:48,Tosh,1,walking,walking,0,walking,0,walking,0
789,12/12/2019 14:20:48,Tosh,1,walking,walking,0,walking,0,walking,0
790,12/12/2019 14:20:48,Tosh,1,walking,walking,0,walking,0,walking,0
791,12/12/2019 14:20:48,Tosh,1,walking,walking,0,walking,0,walking,0
792,12/12/2019 14:20:48,Tosh,1,walking,walking,0,walking,0,walking,0
793,12/12/2019 14:20:48,Tosh,1,walking,walking,0,walking,0,walking,0
794,12/12/2019 14:20:48,Tosh,1,walking,walking,0,walking,0,walking,0
795,12/12/2019 14:20:48,Tosh,1,walking,walking,0,walking,0,walking,0
796,12/12/2019 14:20:48,Tosh,1,walking,walking,0,walking,0,walking,0
797,12/12/2019 14:20:48,Tosh,1,walking,walking,0,walking,0,walking,0
798,12/12/2019 14:20:48,Tosh,1,walking,walking,0,walking,0,walking,0
799,12/12/2019 14:20:48,Tosh,1,walking,walking,0,walking,0,walking,0
800,12/12/2019 14:20:48,Tosh,1,walking,walking,0,walking,0,walking,0
801,12/12/2019 14:20:48,Tosh,1,walking,walking,0,walking,0,walking,0
802,12/12/2019 14:20:48,Tosh,1,walking,walking,0,walking,0,walking,0
803,12/12/2019 14:20:48,Tosh,1,walking,walking,0,walking,0,walking,0
804,12/12/2019 14:20:48,Tosh,1,walking,walking,0,walking,0,walking,0
805,12/12/2019 14:20:48,Tosh,1,walking,walking,0,walking,0,walking,0
806,12/12/2019 14:20:48,Tosh,1,walking,walking,0,walking,0,walking,0
807,12/12/2019 14:20:48,Tosh,1,walking,walking,0,walking,0,walking,0
808,12/12/2019 14:20:48,Tosh,1,walking,walking,0,walking,0,walking,0
809,12/12/2019 14:20:48,Tosh,1,walking,walking,0,walking,0,walking,0
810,12/12/2019 14:20:48,Tosh,1,walking,walking,0,walking,0,walking,0
811,12/12/2019 14:20:48,Tosh,1,walking,walking,0,walking,0,walking,0
812,12/12/2019 14:20:48,Tosh,1,walking,walking,0,walking,0,walking,0
813,12/12/2019 14:20:48,Tosh,1,walking,walking,0,walking,0,walking,0
814,12/12/2019 14:20:48,Tosh,1,walking,walking,0,walking,0,walking,0
815,12/12/2019 14:20:48,Tosh,1,walking,walking,0,walking,0,walking,0
816,12/12/2019 14:20:48,Tosh,1,walking,walking,0,walking,0,walking,0
817,12/12/2019 14:20:48,Tosh,1,walking,walking,0,walking,0,walking,0
818,12/12/2019 14:20:48,Tosh,1,walking,walking,0,walking,0,walking,0
819,12/12/2019 14:20:48,Tosh,1,walking,walking,0,walking,0,walking,0
820,12/12/2019 14:20:48,Tosh,1,walking,walking,0,walking,0,walking,0
821,12/12/2019 14:20:48,Tosh,1,walking,walking,0,walking,0,walking,0
822,12/12/2019 14:20:48,Tosh,1,walking,walking,0,walking,0,walking,0
823,12/12/2019 14:20:48,Tosh,1,walking,walking,0,walking,0,walking,0
824,12/12/2019 14:20:48,Tosh,1,walking,walking,0,walking,0,walking,0
825,12/12/2019 14:20:48,Tosh,1,walking,walking,0,walking,0,walking,0
826,12/12/2019 14:20:48,Tosh,1,walking,walking,0,walking,0,walking,0
827,12/12/2019 14:20:48,Tosh,1,walking,walking,0,walking,0,walking,0
828,12/12/2019 14:20:48,Tosh,1,walking,walking,0,walking,0,walking,0
829,12/12/2019 14:20:48,Tosh,1,walking,walking,0,walking,0,walking,0
830,12/12/2019 14:20:48,Tosh,1,walking,standing,1,walking,0,standing,1
831,12/12/2019 14:20:48,Tosh,1,walking,standing,1,standing,1,standing,1
832,12/12/2019 14:20:48,Tosh,1,walking,standing,1,standing,1,standing,1
833,12/12/2019 14:20:48,Tosh,1,walking,standing,1,standing,1,standing,1
834,12/12/2019 14:21:22,Tosh,1,standing,standing,0,standing,0,standing,0
835,12/12/2019 14:21:22,Tosh,1,standing,standing,0,standing,0,standing,0
836,12/12/2019 14:21:24,Tosh,1,walking,walking,0,walking,0,walking,0
837,12/12/2019 14:21:24,Tosh,1,walking,walking,0,walking,0,walking,0
838,12/12/2019 14:21:24,Tosh,1,walking,walking,0,walking,0,walking,0
839,12/12/2019 14:21:24,Tosh,1,walking,walking,0,walking,0,walking,0
840,12/12/2019 14:21:24,Tosh,1,walking,walking,0,walking,0,walking,0
841,12/12/2019 14:21:24,Tosh,1,walking,walking,0,walking,0,walking,0
842,12/12/2019 14:21:24,Tosh,1,walking,standing,1,walking,0,standing,1
843,12/12/2019 14:21:24,Tosh,1,walking,standing,1,standing,1,standing,1
844,12/12/2019 14:21:29,Tosh,1,standing,standing,0,standing,0,standing,0
845,12/12/2019 14:21:29,Tosh,1,standing,standing,0,standing,0,standing,0
846,12/12/2019 14:21:29,Tosh,1,standing,standing,0,standing,0,standing,0
847,12/12/2019 14:21:29,Tosh,1,standing,standing,0,standing,0,standing,0
848,12/12/2019 14:21:29,Tosh,1,standing,standing,0,standing,0,standing,0
849,12/12/2019 14:21:29,Tosh,1,standing,standing,0,standing,0,standing,0
850,12/12/2019 14:21:29,Tosh,1,standing,walking,1,walking,1,standing,0
851,12/12/2019 14:21:29,Tosh,1,standing,standing,0,standing,0,standing,0
852,12/12/2019 14:21:34,Tosh,1,walking,walking,0,walking,0,walking,0
853,12/12/2019 14:21:34,Tosh,1,walking,walking,0,walking,0,walking,0
854,12/12/2019 14:21:34,Tosh,1,walking,standing,1,standing,1,standing,1
855,12/12/2019 14:21:34,Tosh,1,walking,standing,1,standing,1,standing,1
856,12/12/2019 14:21:37,Tosh,1,standing,standing,0,standing,0,standing,0
857,12/12/2019 14:21:37,Tosh,1,standing,walking,1,walking,1,walking,1
858,12/12/2019 14:21:39,Tosh,1,sitting,sitting,0,sitting,0,sitting,0
859,12/12/2019 14:21:39,Tosh,1,sitting,sitting,0,sitting,0,sitting,0
860,12/12/2019 14:21:39,Tosh,1,sitting,sitting,0,sitting,0,sitting,0
861,12/12/2019 14:21:39,Tosh,1,sitting,sitting,0,sitting,0,sitting,0
862,12/12/2019 14:21:39,Tosh,1,sitting,sitting,0,sitting,0,sitting,0
863,12/12/2019 14:21:39,Tosh,1,sitting,sitting,0,sitting,0,sitting,0
864,12/12/2019 14:21:39,Tosh,1,sitting,sitting,0,sitting,0,sitting,0
865,12/12/2019 14:21:39,Tosh,1,sitting,sitting,0,sitting,0,sitting,0
866,12/12/2019 14:21:39,Tosh,1,sitting,sitting,0,sitting,0,sitting,0
867,12/12/2019 14:21:39,Tosh,1,sitting,sitting,0,sitting,0,sitting,0
868,12/12/2019 14:21:39,Tosh,1,sitting,sitting,0,sitting,0,sitting,0
869,12/12/2019 14:21:39,Tosh,1,sitting,sitting,0,sitting,0,sitting,0
870,12/12/2019 14:21:39,Tosh,1,sitting,sitting,0,sitting,0,sitting,0
871,12/12/2019 14:21:39,Tosh,1,sitting,sitting,0,sitting,0,sitting,0
872,12/12/2019 14:21:39,Tosh,1,sitting,sitting,0,sitting,0,sitting,0
873,12/12/2019 14:21:39,Tosh,1,sitting,sitting,0,sitting,0,sitting,0
874,12/12/2019 14:21:39,Tosh,1,sitting,sitting,0,sitting,0,sitting,0
875,12/12/2019 14:21:39,Tosh,1,sitting,sitting,0,sitting,0,sitting,0
876,12/12/2019 14:21:39,Tosh,1,sitting,sitting,0,sitting,0,sitting,0
877,12/12/2019 14:21:39,Tosh,1,sitting,sitting,0,sitting,0,sitting,0
878,12/12/2019 14:21:39,Tosh,1,sitting,sitting,0,sitting,0,sitting,0
879,12/12/2019 14:21:39,Tosh,1,sitting,sitting,0,sitting,0,sitting,0
880,12/12/2019 14:21:39,Tosh,1,sitting,sitting,0,sitting,0,sitting,0
881,12/12/2019 14:21:39,Tosh,1,sitting,sitting,0,sitting,0,sitting,0
882,12/12/2019 14:21:39,Tosh,1,sitting,sitting,0,sitting,0,sitting,0
883,12/12/2019 14:21:39,Tosh,1,sitting,sitting,0,sitting,0,sitting,0
884,12/12/2019 14:21:39,Tosh,1,sitting,sitting,0,sitting,0,sitting,0
885,12/12/2019 14:21:39,Tosh,1,sitting,sitting,0,sitting,0,sitting,0
886,12/12/2019 14:21:39,Tosh,1,sitting,sitting,0,sitting,0,sitting,0
887,12/12/2019 14:21:39,Tosh,1,sitting,sitting,0,sitting,0,sitting,0
888,12/12/2019 14:21:39,Tosh,1,sitting,sitting,0,sitting,0,sitting,0
889,12/12/2019 14:21:39,Tosh,1,sitting,sitting,0,sitting,0,sitting,0
890,12/12/2019 14:21:39,Tosh,1,sitting,sitting,0,sitting,0,sitting,0
891,12/12/2019 14:21:39,Tosh,1,sitting,sitting,0,sitting,0,sitting,0
892,12/12/2019 14:21:39,Tosh,1,sitting,sitting,0,sitting,0,sitting,0
893,12/12/2019 14:21:39,Tosh,1,sitting,sitting,0,sitting,0,sitting,0
894,12/12/2019 14:21:39,Tosh,1,sitting,sitting,0,sitting,0,sitting,0
895,12/12/2019 14:21:39,Tosh,1,sitting,sitting,0,sitting,0,sitting,0
896,12/12/2019 14:21:39,Tosh,1,sitting,sitting,0,sitting,0,sitting,0
897,12/12/2019 14:21:39,Tosh,1,sitting,sitting,0,sitting,0,sitting,0
898,12/12/2019 14:21:39,Tosh,1,sitting,sitting,0,sitting,0,sitting,0
899,12/12/2019 14:21:39,Tosh,1,sitting,sitting,0,sitting,0,sitting,0
900,12/12/2019 14:21:39,Tosh,1,sitting,sitting,0,sitting,0,sitting,0
901,12/12/2019 14:21:39,Tosh,1,sitting,sitting,0,sitting,0,sitting,0
902,12/12/2019 14:21:39,Tosh,1,sitting,sitting,0,sitting,0,sitting,0
903,12/12/2019 14:21:39,Tosh,1,sitting,sitting,0,sitting,0,sitting,0
904,12/12/2019 14:21:39,Tosh,1,sitting,sitting,0,sitting,0,sitting,0
905,12/12/2019 14:21:39,Tosh,1,sitting,sitting,0,sitting,0,sitting,0
906,12/12/2019 14:21:39,Tosh,1,sitting,sitting,0,sitting,0,sitting,0
907,12/12/2019 14:21:39,Tosh,1,sitting,sitting,0,sitting,0,sitting,0
908,12/12/2019 14:21:39,Tosh,1,sitting,sitting,0,sitting,0,sitting,0
909,12/12/2019 14:21:39,Tosh,1,sitting,sitting,0,sitting,0,sitting,0
910,12/12/2019 14:21:39,Tosh,1,sitting,sitting,0,sitting,0,sitting,0
911,12/12/2019 14:21:39,Tosh,1,sitting,sitting,0,sitting,0,sitting,0
912,12/12/2019 14:22:24,Tosh,1,standing,standing,0,standing,0,standing,0
913,12/12/2019 14:22:24,Tosh,1,standing,standing,0,standing,0,standing,0
914,12/12/2019 14:22:24,Tosh,1,standing,standing,0,standing,0,standing,0
915,12/12/2019 14:22:24,Tosh,1,standing,standing,0,standing,0,standing,0
916,12/12/2019 14:22:24,Tosh,1,standing,standing,0,standing,0,standing,0
917,12/12/2019 14:22:24,Tosh,1,standing,standing,0,standing,0,standing,0
918,12/12/2019 14:22:24,Tosh,1,standing,standing,0,standing,0,standing,0
919,12/12/2019 14:22:24,Tosh,1,standing,standing,0,standing,0,standing,0
920,12/12/2019 14:22:24,Tosh,1,standing,standing,0,standing,0,standing,0
921,12/12/2019 14:22:24,Tosh,1,standing,standing,0,standing,0,standing,0
922,12/12/2019 14:22:24,Tosh,1,standing,standing,0,standing,0,standing,0
923,12/12/2019 14:22:24,Tosh,1,standing,standing,0,standing,0,standing,0
924,12/12/2019 14:22:24,Tosh,1,standing,standing,0,standing,0,standing,0
925,12/12/2019 14:22:24,Tosh,1,standing,standing,0,standing,0,standing,0
926,12/12/2019 14:22:32,Tosh,1,walking,walking,0,walking,0,walking,0
927,12/12/2019 14:22:32,Tosh,1,walking,walking,0,walking,0,walking,0
928,12/12/2019 14:22:32,Tosh,1,walking,walking,0,walking,0,walking,0
929,12/12/2019 14:22:32,Tosh,1,walking,walking,0,walking,0,walking,0
930,12/12/2019 14:22:32,Tosh,1,walking,walking,0,walking,0,walking,0
931,12/12/2019 14:22:32,Tosh,1,walking,walking,0,walking,0,walking,0
932,12/12/2019 14:22:32,Tosh,1,walking,walking,0,walking,0,walking,0
933,12/12/2019 14:22:32,Tosh,1,walking,walking,0,walking,0,walking,0
934,12/12/2019 14:22:32,Tosh,1,walking,walking,0,walking,0,walking,0
935,12/12/2019 14:22:32,Tosh,1,walking,walking,0,walking,0,walking,0
936,12/12/2019 14:22:32,Tosh,1,walking,walking,0,walking,0,walking,0
937,12/12/2019 14:22:32,Tosh,1,walking,walking,0,walking,0,walking,0
938,12/12/2019 14:22:32,Tosh,1,walking,walking,0,walking,0,walking,0
939,12/12/2019 14:22:32,Tosh,1,walking,walking,0,standing,1,walking,0
940,12/12/2019 14:22:40,Tosh,1,standing,standing,0,standing,0,standing,0
941,12/12/2019 14:22:40,Tosh,1,standing,standing,0,standing,0,standing,0
942,12/12/2019 14:22:40,Tosh,1,standing,standing,0,standing,0,standing,0
943,12/12/2019 14:22:40,Tosh,1,standing,standing,0,standing,0,standing,0
944,12/12/2019 14:22:40,Tosh,1,standing,standing,0,standing,0,standing,0
945,12/12/2019 14:22:40,Tosh,1,standing,standing,0,standing,0,standing,0
946,12/12/2019 14:22:40,Tosh,1,standing,standing,0,standing,0,standing,0
947,12/12/2019 14:22:40,Tosh,1,standing,standing,0,standing,0,standing,0
948,12/12/2019 14:22:40,Tosh,1,standing,standing,0,standing,0,standing,0
949,12/12/2019 14:22:40,Tosh,1,standing,standing,0,standing,0,standing,0
950,12/12/2019 14:22:40,Tosh,1,standing,standing,0,standing,0,standing,0
951,12/12/2019 14:22:40,Tosh,1,standing,standing,0,standing,0,standing,0
952,12/12/2019 14:22:40,Tosh,1,standing,standing,0,standing,0,standing,0
953,12/12/2019 14:22:40,Tosh,1,standing,standing,0,standing,0,standing,0
954,12/12/2019 14:22:40,Tosh,1,standing,standing,0,standing,0,standing,0
955,12/12/2019 14:22:40,Tosh,1,standing,standing,0,standing,0,standing,0
956,12/12/2019 14:22:40,Tosh,1,standing,standing,0,standing,0,standing,0
957,12/12/2019 14:22:40,Tosh,1,standing,standing,0,standing,0,standing,0
958,12/12/2019 14:22:40,Tosh,1,standing,standing,0,standing,0,standing,0
959,12/12/2019 14:22:40,Tosh,1,standing,standing,0,standing,0,standing,0
960,12/12/2019 14:22:40,Tosh,1,standing,standing,0,standing,0,standing,0
961,12/12/2019 14:22:40,Tosh,1,standing,standing,0,standing,0,standing,0
962,12/12/2019 14:22:40,Tosh,1,standing,standing,0,standing,0,standing,0
963,12/12/2019 14:22:40,Tosh,1,standing,standing,0,standing,0,standing,0
964,12/12/2019 14:22:40,Tosh,1,standing,standing,0,standing,0,standing,0
965,12/12/2019 14:22:40,Tosh,1,standing,standing,0,standing,0,standing,0
966,12/12/2019 14:22:40,Tosh,1,standing,standing,0,standing,0,standing,0
967,12/12/2019 14:22:40,Tosh,1,standing,standing,0,standing,0,standing,0
968,12/12/2019 14:22:40,Tosh,1,standing,standing,0,standing,0,standing,0
969,12/12/2019 14:22:40,Tosh,1,standing,standing,0,standing,0,standing,0
970,12/12/2019 14:22:40,Tosh,1,standing,standing,0,standing,0,standing,0
971,12/12/2019 14:22:40,Tosh,1,standing,standing,0,standing,0,lying down,1
972,12/12/2019 14:22:40,Tosh,1,standing,standing,0,standing,0,standing,0
973,12/12/2019 14:22:40,Tosh,1,standing,standing,0,standing,0,standing,0
974,12/12/2019 14:22:40,Tosh,1,standing,standing,0,standing,0,standing,0
975,12/12/2019 14:22:40,Tosh,1,standing,standing,0,standing,0,standing,0
976,12/12/2019 14:22:40,Tosh,1,standing,standing,0,standing,0,standing,0
977,12/12/2019 14:22:40,Tosh,1,standing,standing,0,standing,0,standing,0
978,12/12/2019 14:22:40,Tosh,1,standing,standing,0,standing,0,standing,0
979,12/12/2019 14:22:40,Tosh,1,standing,standing,0,standing,0,standing,0
980,12/12/2019 14:22:40,Tosh,1,standing,standing,0,standing,0,standing,0
981,12/12/2019 14:22:40,Tosh,1,standing,standing,0,standing,0,standing,0
982,12/12/2019 14:22:40,Tosh,1,standing,standing,0,standing,0,standing,0
983,12/12/2019 14:22:40,Tosh,1,standing,standing,0,standing,0,standing,0
984,12/12/2019 14:22:40,Tosh,1,standing,standing,0,standing,0,standing,0
985,12/12/2019 14:22:40,Tosh,1,standing,standing,0,standing,0,standing,0
986,12/12/2019 14:22:40,Tosh,1,standing,standing,0,standing,0,standing,0
987,12/12/2019 14:22:40,Tosh,1,standing,standing,0,standing,0,standing,0
988,12/12/2019 14:22:40,Tosh,1,standing,standing,0,standing,0,standing,0
989,12/12/2019 14:22:40,Tosh,1,standing,standing,0,standing,0,standing,0
990,12/12/2019 14:22:40,Tosh,1,standing,standing,0,standing,0,standing,0
991,12/12/2019 14:22:40,Tosh,1,standing,standing,0,standing,0,standing,0
992,12/12/2019 14:22:40,Tosh,1,standing,standing,0,standing,0,standing,0
993,12/12/2019 14:22:40,Tosh,1,standing,standing,0,standing,0,standing,0
994,12/12/2019 14:22:40,Tosh,1,standing,standing,0,standing,0,standing,0
995,12/12/2019 14:22:40,Tosh,1,standing,standing,0,standing,0,standing,0
996,12/12/2019 14:22:40,Tosh,1,standing,standing,0,standing,0,standing,0
997,12/12/2019 14:22:40,Tosh,1,standing,standing,0,standing,0,standing,0
998,12/12/2019 14:22:40,Tosh,1,standing,standing,0,standing,0,standing,0
999,12/12/2019 14:22:40,Tosh,1,standing,standing,0,standing,0,standing,0
1000,12/12/2019 14:22:40,Tosh,1,standing,standing,0,standing,0,standing,0
1001,12/12/2019 14:22:40,Tosh,1,standing,walking,1,standing,0,standing,0
1002,12/12/2019 14:22:40,Tosh,1,standing,standing,0,standing,0,standing,0
1003,12/12/2019 14:22:40,Tosh,1,standing,standing,0,standing,0,standing,0
1004,12/12/2019 14:22:40,Tosh,1,standing,standing,0,standing,0,standing,0
1005,12/12/2019 14:22:40,Tosh,1,standing,standing,0,standing,0,standing,0
1006,12/12/2019 14:22:40,Tosh,1,standing,standing,0,standing,0,standing,0
1007,12/12/2019 14:22:40,Tosh,1,standing,standing,0,standing,0,standing,0
1008,12/12/2019 14:22:40,Tosh,1,standing,standing,0,standing,0,standing,0
1009,12/12/2019 14:22:40,Tosh,1,standing,standing,0,standing,0,standing,0
1010,12/12/2019 14:22:40,Tosh,1,standing,standing,0,standing,0,standing,0
1011,12/12/2019 14:22:40,Tosh,1,standing,standing,0,standing,0,standing,0
1012,12/12/2019 14:23:17,Tosh,1,walking,walking,0,walking,0,walking,0
1013,12/12/2019 14:23:17,Tosh,1,walking,walking,0,walking,0,walking,0
1014,12/12/2019 14:23:17,Tosh,1,walking,walking,0,walking,0,walking,0
1015,12/12/2019 14:23:17,Tosh,1,walking,walking,0,walking,0,walking,0
1016,12/12/2019 14:23:17,Tosh,1,walking,walking,0,walking,0,walking,0
1017,12/12/2019 14:23:17,Tosh,1,walking,walking,0,walking,0,walking,0
1018,12/12/2019 14:23:17,Tosh,1,walking,walking,0,walking,0,walking,0
1019,12/12/2019 14:23:17,Tosh,1,walking,walking,0,walking,0,walking,0
1020,12/12/2019 14:23:22,Tosh,1,standing,standing,0,standing,0,standing,0
1021,12/12/2019 14:23:22,Tosh,1,standing,standing,0,standing,0,standing,0
1022,12/12/2019 14:23:22,Tosh,1,standing,standing,0,standing,0,standing,0
1023,12/12/2019 14:23:22,Tosh,1,standing,standing,0,standing,0,standing,0
1024,12/12/2019 14:23:22,Tosh,1,standing,standing,0,standing,0,standing,0
1025,12/12/2019 14:23:22,Tosh,1,standing,standing,0,standing,0,standing,0
1026,12/12/2019 14:23:22,Tosh,1,standing,standing,0,standing,0,standing,0
1027,12/12/2019 14:23:22,Tosh,1,standing,standing,0,standing,0,standing,0
1028,12/12/2019 14:23:22,Tosh,1,standing,standing,0,standing,0,standing,0
1029,12/12/2019 14:23:22,Tosh,1,standing,standing,0,standing,0,standing,0
1030,12/12/2019 14:23:22,Tosh,1,standing,standing,0,standing,0,standing,0
1031,12/12/2019 14:23:22,Tosh,1,standing,standing,0,standing,0,standing,0
1032,12/12/2019 14:23:22,Tosh,1,standing,standing,0,standing,0,standing,0
1033,12/12/2019 14:23:22,Tosh,1,standing,standing,0,standing,0,standing,0
1034,12/12/2019 14:23:22,Tosh,1,standing,standing,0,standing,0,standing,0
1035,12/12/2019 14:23:22,Tosh,1,standing,standing,0,standing,0,standing,0
1036,12/12/2019 14:23:22,Tosh,1,standing,standing,0,standing,0,standing,0
1037,12/12/2019 14:23:22,Tosh,1,standing,standing,0,standing,0,standing,0
1038,12/12/2019 14:23:39,Tosh,1,standing,standing,0,standing,0,standing,0
1039,12/12/2019 14:23:39,Tosh,1,standing,standing,0,standing,0,standing,0
1040,12/12/2019 14:23:39,Tosh,1,standing,standing,0,standing,0,standing,0
1041,12/12/2019 14:23:39,Tosh,1,standing,standing,0,standing,0,standing,0
1042,12/12/2019 14:23:39,Tosh,1,standing,standing,0,standing,0,standing,0
1043,12/12/2019 14:23:39,Tosh,1,standing,standing,0,standing,0,standing,0
1044,12/12/2019 14:23:39,Tosh,1,standing,standing,0,standing,0,standing,0
1045,12/12/2019 14:23:39,Tosh,1,standing,standing,0,standing,0,standing,0
1046,12/12/2019 14:23:39,Tosh,1,standing,standing,0,standing,0,standing,0
1047,12/12/2019 14:23:39,Tosh,1,standing,standing,0,standing,0,standing,0
1048,12/12/2019 14:23:39,Tosh,1,standing,standing,0,standing,0,standing,0
1049,12/12/2019 14:23:39,Tosh,1,standing,standing,0,standing,0,standing,0
1050,12/12/2019 14:23:39,Tosh,1,standing,standing,0,standing,0,standing,0
1051,12/12/2019 14:23:39,Tosh,1,standing,standing,0,standing,0,standing,0
1052,12/12/2019 14:23:39,Tosh,1,standing,standing,0,standing,0,standing,0
1053,12/12/2019 14:23:39,Tosh,1,standing,standing,0,standing,0,standing,0
1054,12/12/2019 14:23:39,Tosh,1,standing,standing,0,standing,0,standing,0
1055,12/12/2019 14:23:39,Tosh,1,standing,standing,0,standing,0,standing,0
1056,12/12/2019 14:23:39,Tosh,1,standing,standing,0,standing,0,standing,0
1057,12/12/2019 14:23:39,Tosh,1,standing,standing,0,standing,0,standing,0
1058,12/12/2019 14:23:39,Tosh,1,standing,standing,0,standing,0,standing,0
1059,12/12/2019 14:23:39,Tosh,1,standing,standing,0,standing,0,standing,0
1060,12/12/2019 14:23:39,Tosh,1,standing,standing,0,standing,0,standing,0
1061,12/12/2019 14:23:39,Tosh,1,standing,standing,0,standing,0,standing,0
1062,12/12/2019 14:23:39,Tosh,1,standing,standing,0,standing,0,standing,0
1063,12/12/2019 14:23:39,Tosh,1,standing,standing,0,standing,0,standing,0
1064,12/12/2019 14:23:39,Tosh,1,standing,standing,0,standing,0,standing,0
1065,12/12/2019 14:23:39,Tosh,1,standing,standing,0,walking,1,standing,0
1066,12/12/2019 14:23:39,Tosh,1,standing,standing,0,standing,0,walking,1
1067,12/12/2019 14:23:39,Tosh,1,standing,walking,1,walking,1,walking,1
1068,12/12/2019 14:23:39,Tosh,1,standing,sitting,1,walking,1,standing,0
1069,12/12/2019 14:23:39,Tosh,1,standing,sitting,1,standing,0,standing,0
1070,12/12/2019 14:23:39,Tosh,1,standing,sitting,1,standing,0,standing,0
1071,12/12/2019 14:23:39,Tosh,1,standing,standing,0,standing,0,standing,0
1072,12/12/2019 14:23:39,Tosh,1,standing,standing,0,standing,0,standing,0
1073,12/12/2019 14:23:39,Tosh,1,standing,standing,0,standing,0,standing,0
1074,12/12/2019 14:23:39,Tosh,1,standing,standing,0,standing,0,standing,0
1075,12/12/2019 14:23:39,Tosh,1,standing,standing,0,standing,0,standing,0
1076,12/12/2019 14:23:39,Tosh,1,standing,sitting,1,standing,0,sitting,1
1077,12/12/2019 14:23:39,Tosh,1,standing,standing,0,standing,0,standing,0
1078,12/12/2019 14:23:39,Tosh,1,standing,standing,0,standing,0,standing,0
1079,12/12/2019 14:23:39,Tosh,1,standing,sitting,1,standing,0,standing,0
1080,12/12/2019 14:23:39,Tosh,1,standing,standing,0,standing,0,standing,0
1081,12/12/2019 14:23:39,Tosh,1,standing,standing,0,standing,0,standing,0
1082,12/12/2019 14:23:39,Tosh,1,standing,standing,0,standing,0,standing,0
1083,12/12/2019 14:23:39,Tosh,1,standing,standing,0,standing,0,standing,0
1084,12/12/2019 14:23:39,Tosh,1,standing,standing,0,standing,0,standing,0
1085,12/12/2019 14:23:39,Tosh,1,standing,sitting,1,standing,0,standing,0
1086,12/12/2019 14:23:39,Tosh,1,standing,sitting,1,standing,0,standing,0
1087,12/12/2019 14:23:39,Tosh,1,standing,standing,0,standing,0,standing,0
1088,12/12/2019 14:23:39,Tosh,1,standing,standing,0,standing,0,standing,0
1089,12/12/2019 14:23:39,Tosh,1,standing,sitting,1,standing,0,sitting,1
1090,12/12/2019 14:23:39,Tosh,1,standing,sitting,1,standing,0,standing,0
1091,12/12/2019 14:23:39,Tosh,1,standing,standing,0,standing,0,standing,0
1092,12/12/2019 14:23:39,Tosh,1,standing,standing,0,standing,0,standing,0
1093,12/12/2019 14:23:39,Tosh,1,standing,standing,0,standing,0,standing,0
1094,12/12/2019 14:23:39,Tosh,1,standing,standing,0,standing,0,standing,0
1095,12/12/2019 14:23:39,Tosh,1,standing,walking,1,standing,0,walking,1
1096,12/12/2019 14:23:39,Tosh,1,standing,walking,1,walking,1,walking,1
1097,12/12/2019 14:23:39,Tosh,1,standing,walking,1,walking,1,walking,1
1098,12/12/2019 14:23:39,Tosh,1,standing,standing,0,standing,0,standing,0
1099,12/12/2019 14:23:39,Tosh,1,standing,standing,0,standing,0,standing,0
1100,12/12/2019 14:23:39,Tosh,1,standing,standing,0,standing,0,standing,0
1101,12/12/2019 14:23:39,Tosh,1,standing,standing,0,standing,0,standing,0
1102,12/12/2019 14:23:39,Tosh,1,standing,standing,0,standing,0,standing,0
1103,12/12/2019 14:23:39,Tosh,1,standing,standing,0,standing,0,standing,0
1104,12/12/2019 14:23:39,Tosh,1,standing,standing,0,standing,0,standing,0
1105,12/12/2019 14:23:39,Tosh,1,standing,standing,0,standing,0,standing,0
1106,12/12/2019 14:23:39,Tosh,1,standing,standing,0,standing,0,standing,0
1107,12/12/2019 14:23:39,Tosh,1,standing,standing,0,standing,0,standing,0
1108,12/12/2019 14:23:39,Tosh,1,standing,standing,0,standing,0,standing,0
1109,12/12/2019 14:23:39,Tosh,1,standing,standing,0,standing,0,standing,0
1110,12/12/2019 14:23:39,Tosh,1,standing,standing,0,standing,0,standing,0
1111,12/12/2019 14:23:39,Tosh,1,standing,standing,0,standing,0,standing,0
1112,12/12/2019 14:23:39,Tosh,1,standing,standing,0,standing,0,standing,0
1113,12/12/2019 14:23:39,Tosh,1,standing,standing,0,standing,0,standing,0
1114,12/12/2019 14:23:39,Tosh,1,standing,standing,0,standing,0,standing,0
1115,12/12/2019 14:23:39,Tosh,1,standing,standing,0,standing,0,standing,0
1116,12/12/2019 14:23:39,Tosh,1,standing,standing,0,standing,0,standing,0
1117,12/12/2019 14:23:39,Tosh,1,standing,standing,0,standing,0,standing,0
1118,12/12/2019 14:23:39,Tosh,1,standing,standing,0,standing,0,standing,0
1119,12/12/2019 14:23:39,Tosh,1,standing,standing,0,standing,0,standing,0
1120,12/12/2019 14:23:39,Tosh,1,standing,standing,0,standing,0,standing,0
1121,12/12/2019 14:23:39,Tosh,1,standing,standing,0,standing,0,standing,0
1122,12/12/2019 14:23:39,Tosh,1,standing,standing,0,standing,0,standing,0
1123,12/12/2019 14:23:39,Tosh,1,standing,standing,0,standing,0,standing,0
1124,12/12/2019 14:23:39,Tosh,1,standing,standing,0,standing,0,standing,0
1125,12/12/2019 14:23:39,Tosh,1,standing,standing,0,standing,0,standing,0
1126,12/12/2019 14:23:39,Tosh,1,standing,standing,0,standing,0,standing,0
1127,12/12/2019 14:23:39,Tosh,1,standing,standing,0,standing,0,standing,0
1128,12/12/2019 14:23:39,Tosh,1,standing,standing,0,standing,0,standing,0
1129,12/12/2019 14:23:39,Tosh,1,standing,standing,0,standing,0,standing,0
1130,12/12/2019 14:23:39,Tosh,1,standing,standing,0,standing,0,standing,0
1131,12/12/2019 14:23:39,Tosh,1,standing,standing,0,standing,0,standing,0
1132,12/12/2019 14:23:39,Tosh,1,standing,standing,0,standing,0,standing,0
1133,12/12/2019 14:23:39,Tosh,1,standing,standing,0,standing,0,standing,0
1134,12/12/2019 14:23:39,Tosh,1,standing,standing,0,standing,0,standing,0
1135,12/12/2019 14:23:39,Tosh,1,standing,standing,0,standing,0,standing,0
1136,12/12/2019 14:23:39,Tosh,1,standing,standing,0,standing,0,standing,0
1137,12/12/2019 14:23:39,Tosh,1,standing,standing,0,standing,0,standing,0
1138,12/12/2019 14:23:39,Tosh,1,standing,standing,0,standing,0,standing,0
1139,12/12/2019 14:23:39,Tosh,1,standing,standing,0,standing,0,standing,0
1140,12/12/2019 14:23:39,Tosh,1,standing,standing,0,standing,0,standing,0
1141,12/12/2019 14:23:39,Tosh,1,standing,standing,0,standing,0,standing,0
1142,12/12/2019 14:23:39,Tosh,1,standing,standing,0,standing,0,standing,0
1143,12/12/2019 14:23:39,Tosh,1,standing,standing,0,standing,0,standing,0
1144,12/12/2019 14:23:39,Tosh,1,standing,standing,0,standing,0,standing,0
1145,12/12/2019 14:23:39,Tosh,1,standing,standing,0,standing,0,standing,0
1146,12/12/2019 14:23:39,Tosh,1,standing,standing,0,standing,0,standing,0
1147,12/12/2019 14:23:39,Tosh,1,standing,standing,0,standing,0,standing,0
1148,12/12/2019 14:23:39,Tosh,1,standing,standing,0,standing,0,standing,0
1149,12/12/2019 14:23:39,Tosh,1,standing,standing,0,standing,0,standing,0
1150,12/12/2019 14:23:39,Tosh,1,standing,standing,0,standing,0,standing,0
1151,12/12/2019 14:23:39,Tosh,1,standing,standing,0,standing,0,standing,0
1152,12/12/2019 14:23:39,Tosh,1,standing,standing,0,standing,0,standing,0
1153,12/12/2019 14:23:39,Tosh,1,standing,standing,0,standing,0,standing,0
1154,12/12/2019 14:23:39,Tosh,1,standing,standing,0,standing,0,standing,0
1155,12/12/2019 14:23:39,Tosh,1,standing,standing,0,standing,0,standing,0
1156,12/12/2019 14:24:54,Tosh,1,walking,walking,0,walking,0,walking,0
1157,12/12/2019 14:24:54,Tosh,1,walking,walking,0,walking,0,walking,0
1158,12/12/2019 14:24:54,Tosh,1,walking,walking,0,walking,0,walking,0
1159,12/12/2019 14:24:54,Tosh,1,walking,walking,0,walking,0,walking,0
1160,12/12/2019 14:24:57,Tosh,1,standing,standing,0,standing,0,standing,0
1161,12/12/2019 14:24:57,Tosh,1,standing,standing,0,standing,0,standing,0
1162,12/12/2019 14:24:57,Tosh,1,standing,standing,0,walking,1,standing,0
1163,12/12/2019 14:24:57,Tosh,1,standing,standing,0,walking,1,standing,0
1164,12/12/2019 14:24:57,Tosh,1,standing,standing,0,walking,1,standing,0
1165,12/12/2019 14:24:57,Tosh,1,standing,standing,0,standing,0,standing,0
1166,12/12/2019 14:25:03,Tosh,1,body shake,walking,1,body shake,0,body shake,0
1167,12/12/2019 14:25:03,Tosh,1,body shake,walking,1,standing,1,body shake,0
1168,12/12/2019 14:25:05,Tosh,1,standing,standing,0,standing,0,standing,0
1169,12/12/2019 14:25:05,Tosh,1,standing,standing,0,standing,0,standing,0
1170,12/12/2019 14:25:05,Tosh,1,standing,standing,0,standing,0,standing,0
1171,12/12/2019 14:25:05,Tosh,1,standing,standing,0,standing,0,standing,0
1172,12/12/2019 14:25:05,Tosh,1,standing,standing,0,standing,0,standing,0
1173,12/12/2019 14:25:05,Tosh,1,standing,standing,0,standing,0,standing,0
1174,12/12/2019 14:25:05,Tosh,1,standing,standing,0,standing,0,standing,0
1175,12/12/2019 14:25:05,Tosh,1,standing,standing,0,standing,0,standing,0
1176,12/12/2019 14:25:05,Tosh,1,standing,standing,0,standing,0,standing,0
1177,12/12/2019 14:25:05,Tosh,1,standing,standing,0,standing,0,standing,0
1178,12/12/2019 14:25:05,Tosh,1,standing,standing,0,standing,0,standing,0
1179,12/12/2019 14:25:05,Tosh,1,standing,walking,1,walking,1,walking,1
1180,12/12/2019 14:25:21,Tosh,1,walking,walking,0,walking,0,walking,0
1181,12/12/2019 14:25:21,Tosh,1,walking,walking,0,walking,0,walking,0
1182,12/12/2019 14:25:21,Tosh,1,walking,walking,0,walking,0,walking,0
1183,12/12/2019 14:25:21,Tosh,1,walking,walking,0,walking,0,walking,0
1184,12/12/2019 14:25:21,Tosh,1,walking,walking,0,walking,0,walking,0
1185,12/12/2019 14:25:21,Tosh,1,walking,walking,0,walking,0,walking,0
1186,12/12/2019 14:25:21,Tosh,1,walking,walking,0,walking,0,walking,0
1187,12/12/2019 14:25:21,Tosh,1,walking,walking,0,walking,0,walking,0
1188,12/12/2019 14:25:30,Tosh,1,walking,walking,0,walking,0,walking,0
1189,12/12/2019 14:25:30,Tosh,1,walking,walking,0,walking,0,walking,0
1190,12/12/2019 14:25:30,Tosh,1,walking,walking,0,walking,0,walking,0
1191,12/12/2019 14:25:30,Tosh,1,walking,walking,0,walking,0,walking,0
1192,12/12/2019 14:25:30,Tosh,1,walking,walking,0,walking,0,walking,0
1193,12/12/2019 14:25:30,Tosh,1,walking,walking,0,walking,0,walking,0
1194,12/12/2019 14:25:30,Tosh,1,walking,walking,0,walking,0,walking,0
1195,12/12/2019 14:25:30,Tosh,1,walking,walking,0,walking,0,walking,0
1196,12/12/2019 14:25:30,Tosh,1,walking,walking,0,walking,0,walking,0
1197,12/12/2019 14:25:30,Tosh,1,walking,walking,0,walking,0,walking,0
1198,12/12/2019 14:25:30,Tosh,1,walking,walking,0,walking,0,walking,0
1199,12/12/2019 14:25:30,Tosh,1,walking,walking,0,walking,0,walking,0
1200,12/12/2019 14:25:30,Tosh,1,walking,walking,0,walking,0,walking,0
1201,12/12/2019 14:25:30,Tosh,1,walking,walking,0,walking,0,walking,0
1202,12/12/2019 14:25:30,Tosh,1,walking,walking,0,walking,0,walking,0
1203,12/12/2019 14:25:30,Tosh,1,walking,walking,0,walking,0,walking,0
1204,12/12/2019 14:25:30,Tosh,1,walking,standing,1,standing,1,standing,1
1205,12/12/2019 14:25:30,Tosh,1,walking,standing,1,standing,1,standing,1
1206,12/12/2019 14:25:40,Tosh,1,standing,standing,0,standing,0,standing,0
1207,12/12/2019 14:25:40,Tosh,1,standing,standing,0,standing,0,standing,0
1208,12/12/2019 14:25:40,Tosh,1,standing,standing,0,standing,0,standing,0
1209,12/12/2019 14:25:40,Tosh,1,standing,standing,0,standing,0,standing,0
1210,12/12/2019 14:25:40,Tosh,1,standing,standing,0,standing,0,standing,0
1211,12/12/2019 14:25:40,Tosh,1,standing,standing,0,standing,0,standing,0
1212,12/12/2019 14:25:44,Tosh,1,walking,walking,0,walking,0,walking,0
1213,12/12/2019 14:25:44,Tosh,1,walking,walking,0,walking,0,walking,0
1214,12/12/2019 14:25:44,Tosh,1,walking,walking,0,walking,0,walking,0
1215,12/12/2019 14:25:44,Tosh,1,walking,walking,0,walking,0,walking,0
1216,12/12/2019 14:25:44,Tosh,1,walking,walking,0,walking,0,walking,0
1217,12/12/2019 14:25:44,Tosh,1,walking,walking,0,walking,0,walking,0
1218,12/12/2019 14:26:10,Tosh,1,walking,walking,0,walking,0,walking,0
1219,12/12/2019 14:26:10,Tosh,1,walking,walking,0,walking,0,walking,0
1220,12/12/2019 14:26:10,Tosh,1,walking,walking,0,walking,0,walking,0
1221,12/12/2019 14:26:10,Tosh,1,walking,walking,0,walking,0,walking,0
1222,12/12/2019 14:26:10,Tosh,1,walking,walking,0,walking,0,walking,0
1223,12/12/2019 14:26:10,Tosh,1,walking,walking,0,walking,0,walking,0
1224,12/12/2019 14:26:10,Tosh,1,walking,walking,0,walking,0,walking,0
1225,12/12/2019 14:26:10,Tosh,1,walking,walking,0,walking,0,walking,0
1226,12/12/2019 14:26:10,Tosh,1,walking,walking,0,walking,0,walking,0
1227,12/12/2019 14:26:10,Tosh,1,walking,walking,0,walking,0,walking,0
1228,12/12/2019 14:26:10,Tosh,1,walking,walking,0,walking,0,walking,0
1229,12/12/2019 14:26:10,Tosh,1,walking,walking,0,walking,0,walking,0
1230,12/12/2019 14:26:10,Tosh,1,walking,walking,0,walking,0,walking,0
1231,12/12/2019 14:26:10,Tosh,1,walking,walking,0,walking,0,walking,0
1232,12/12/2019 14:26:10,Tosh,1,walking,walking,0,walking,0,walking,0
1233,12/12/2019 14:26:10,Tosh,1,walking,walking,0,walking,0,walking,0
1234,12/12/2019 14:26:10,Tosh,1,walking,standing,1,standing,1,walking,0
1235,12/12/2019 14:26:10,Tosh,1,walking,standing,1,standing,1,standing,1
1236,12/12/2019 14:26:10,Tosh,1,walking,standing,1,standing,1,standing,1
1237,12/12/2019 14:26:10,Tosh,1,walking,standing,1,standing,1,standing,1
1238,12/12/2019 14:26:10,Tosh,1,walking,walking,0,walking,0,walking,0
1239,12/12/2019 14:26:10,Tosh,1,walking,walking,0,walking,0,walking,0
1240,12/12/2019 14:26:10,Tosh,1,walking,walking,0,walking,0,walking,0
1241,12/12/2019 14:26:10,Tosh,1,walking,walking,0,walking,0,walking,0
1242,12/12/2019 14:26:10,Tosh,1,walking,walking,0,walking,0,walking,0
1243,12/12/2019 14:26:10,Tosh,1,walking,walking,0,walking,0,walking,0
1244,12/12/2019 14:26:10,Tosh,1,walking,walking,0,walking,0,walking,0
1245,12/12/2019 14:26:10,Tosh,1,walking,walking,0,walking,0,walking,0
1246,12/12/2019 14:26:10,Tosh,1,walking,walking,0,walking,0,walking,0
1247,12/12/2019 14:26:10,Tosh,1,walking,walking,0,walking,0,walking,0
1248,12/12/2019 14:26:41,Tosh,1,standing,standing,0,standing,0,standing,0
1249,12/12/2019 14:26:41,Tosh,1,standing,standing,0,standing,0,standing,0
1250,12/12/2019 14:26:41,Tosh,1,standing,standing,0,standing,0,standing,0
1251,12/12/2019 14:26:41,Tosh,1,standing,standing,0,standing,0,standing,0
1252,12/12/2019 14:26:44,Tosh,1,walking,walking,0,walking,0,walking,0
1253,12/12/2019 14:26:44,Tosh,1,walking,walking,0,walking,0,walking,0
1254,12/12/2019 14:26:44,Tosh,1,walking,walking,0,walking,0,walking,0
1255,12/12/2019 14:26:44,Tosh,1,walking,walking,0,walking,0,walking,0
1256,12/12/2019 14:26:44,Tosh,1,walking,walking,0,walking,0,walking,0
1257,12/12/2019 14:26:44,Tosh,1,walking,walking,0,walking,0,walking,0
1258,12/12/2019 14:26:44,Tosh,1,walking,walking,0,walking,0,walking,0
1259,12/12/2019 14:26:44,Tosh,1,walking,walking,0,walking,0,walking,0
1260,12/12/2019 14:26:44,Tosh,1,walking,walking,0,walking,0,walking,0
1261,12/12/2019 14:26:44,Tosh,1,walking,standing,1,standing,1,walking,0
1262,12/12/2019 14:26:50,Tosh,1,standing,standing,0,standing,0,standing,0
1263,12/12/2019 14:26:50,Tosh,1,standing,standing,0,standing,0,standing,0
1264,12/12/2019 14:26:50,Tosh,1,standing,standing,0,standing,0,standing,0
1265,12/12/2019 14:26:50,Tosh,1,standing,standing,0,standing,0,standing,0
1266,12/12/2019 14:26:50,Tosh,1,standing,standing,0,standing,0,standing,0
1267,12/12/2019 14:26:50,Tosh,1,standing,standing,0,standing,0,standing,0
1268,12/12/2019 14:26:54,Tosh,1,walking,walking,0,walking,0,walking,0
1269,12/12/2019 14:26:54,Tosh,1,walking,walking,0,walking,0,walking,0
1270,12/12/2019 14:26:58,Tosh,1,walking,walking,0,walking,0,walking,0
1271,12/12/2019 14:26:58,Tosh,1,walking,walking,0,walking,0,walking,0
1272,12/12/2019 14:26:58,Tosh,1,walking,walking,0,walking,0,walking,0
1273,12/12/2019 14:26:58,Tosh,1,walking,walking,0,walking,0,walking,0
1274,12/12/2019 14:27:01,Tosh,1,standing,standing,0,standing,0,standing,0
1275,12/12/2019 14:27:01,Tosh,1,standing,standing,0,walking,1,standing,0
1276,12/12/2019 14:27:09,Tosh,1,standing,standing,0,standing,0,standing,0
1277,12/12/2019 14:27:09,Tosh,1,standing,standing,0,standing,0,standing,0
1278,12/12/2019 14:27:09,Tosh,1,standing,standing,0,standing,0,standing,0
1279,12/12/2019 14:27:09,Tosh,1,standing,standing,0,standing,0,standing,0
1280,12/12/2019 14:27:09,Tosh,1,standing,standing,0,standing,0,standing,0
1281,12/12/2019 14:27:09,Tosh,1,standing,standing,0,standing,0,standing,0
